Workbook

Sheet 秘宝大作战
D1: 合服调整 | E1: 山国 | F1: 0 | G1: 泽国 | H1: -1 | I1: 龙国 | J1: -1 | K1: 羽国 | L1: -1 | M1: 哈帕迪 | N1: -4
A2: 默认全勤 | B2: 开服日期 | C2: 45930 | D2: 累计能量 | E2: 正常五层奖励 | F2: 跳期修正后五层奖励 | G2: 奖励兑换 | H2: 累计需要能量 | I2: 能量情况 | J2: 本期购买能量 | K2: 累计购买能量 | L2: 是否足够 | M2: 推荐0氪兑换 | N2: 零氪剩余能量 | Q2: 左侧是作者的记录，黄色格子根据个人情况修改
A3: 山国 | B3: 第1期 | C3: =C2+7 -> 45937 | D3: =数据计算表!J2 -> 2250 | E3: =数据计算表!M2 -> 自选奇迹遗物·山 | F3: =数据计算表!N2 -> 自选奇迹遗物·山 | G3: 换五层 | H3: =HLOOKUP(G3,数据计算表!$A$3:$H$4,2,FALSE) -> 3240 | I3: =IF(D3-H3>=0,"剩余"&D3-H3,"需要"&D3-H3) -> 需要-990 | J3: 2920 | K3: =J3 -> 2920 | L3: =IF(K3>(H3-D3),"√","×") -> √ | M3: 不换 | N3: =D3-IF(M3="换",3240,0) -> 2250
A4: 泽国 | B4: 第2期 | C4: =C3+7 -> 45944 | D4: =数据计算表!J3 -> 4500 | E4: =数据计算表!M3 -> 幸运神像 | F4: =数据计算表!N3 -> 幸运神像 | G4: 换五层 | H4: =HLOOKUP(G4,数据计算表!$A$3:$H$4,2,FALSE)+H3 -> 6480 | I4: =IF(D4-H4>=0,"剩余"&D4-H4,"需要"&D4-H4) -> 需要-1980 | J4: 1720 | K4: =K3+J4 -> 4640 | L4: =IF(K4>(H4-D4),"√","×") -> √ | M4: 换 | N4: =N3+2250-IF(M4="换",3240,0) -> 1260
B5: 第3期 | C5: =C4+7 -> 45951 | D5: =数据计算表!J4 -> 6750 | E5: =数据计算表!M4 -> 3阶技能碎片*180 | F5: =数据计算表!N4 -> 3阶技能碎片*180 | G5: 换五层 | H5: =HLOOKUP(G5,数据计算表!$A$3:$H$4,2,FALSE)+H4 -> 9720 | I5: =IF(D5-H5>=0,"剩余"&D5-H5,"需要"&D5-H5) -> 需要-2970 | J5: 720 | K5: =K4+J5 -> 5360 | L5: =IF(K5>(H5-D5),"√","×") -> √ | M5: 换 | N5: =N4+2250-IF(M5="换",3240,0) -> 270 | Q5: 零氪党换的期数换到5级，不换的期数一个都不换
B6: 第4期 | C6: =C5+7 -> 45958 | D6: =数据计算表!J5 -> 9000 | E6: =数据计算表!M5 -> 原初宝石 | F6: =数据计算表!N5 -> 原初宝石 | G6: 换五层 | H6: =HLOOKUP(G6,数据计算表!$A$3:$H$4,2,FALSE)+H5 -> 12960 | I6: =IF(D6-H6>=0,"剩余"&D6-H6,"需要"&D6-H6) -> 需要-3960 | J6: 1720 | K6: =K5+J6 -> 7080 | L6: =IF(K6>(H6-D6),"√","×") -> √ | M6: 不换 | N6: =N5+2250-IF(M6="换",3240,0) -> 2520
B7: 第5期 | C7: =C6+7 -> 45965 | D7: =数据计算表!J6 -> 11250 | E7: =数据计算表!M6 -> 自选奇迹遗物·泽 | F7: =数据计算表!N6 -> 自选奇迹遗物·泽 | G7: 换两个五层 | H7: =HLOOKUP(G7,数据计算表!$A$3:$H$4,2,FALSE)+H6 -> 17400 | I7: =IF(D7-H7>=0,"剩余"&D7-H7,"需要"&D7-H7) -> 需要-6150 | J7: 720 | K7: =K6+J7 -> 7800 | L7: =IF(K7>(H7-D7),"√","×") -> √ | M7: 不换 | N7: =N6+2250-IF(M7="换",3240,0) -> 4770
B8: 第6期 | C8: =C7+7 -> 45972 | D8: =数据计算表!J7 -> 13500 | E8: =数据计算表!M7 -> 幸运神像 | F8: =数据计算表!N7 -> 幸运神像 | G8: 换五层 | H8: =HLOOKUP(G8,数据计算表!$A$3:$H$4,2,FALSE)+H7 -> 20640 | I8: =IF(D8-H8>=0,"剩余"&D8-H8,"需要"&D8-H8) -> 需要-7140 | J8: 720 | K8: =K7+J8 -> 8520 | L8: =IF(K8>(H8-D8),"√","×") -> √ | M8: 换 | N8: =N7+2250-IF(M8="换",3240,0) -> 3780 | Q8: 秘宝跳期 | R8: 是
A9: 龙国 | B9: 第7期 | C9: =C8+7 -> 45979 | D9: =数据计算表!J8 -> 15750 | E9: =数据计算表!M8 -> 4阶技能碎片*180 | F9: =数据计算表!N8 -> 4阶技能碎片*180 | G9: 换五层 | H9: =HLOOKUP(G9,数据计算表!$A$3:$H$4,2,FALSE)+H8 -> 23880 | I9: =IF(D9-H9>=0,"剩余"&D9-H9,"需要"&D9-H9) -> 需要-8130 | J9: 1720 | K9: =K8+J9 -> 10240 | L9: =IF(K9>(H9-D9),"√","×") -> √ | M9: 换 | N9: =N8+2250-IF(M9="换",3240,0) -> 2790 | Q9: 期数 | R9: 五层奖励
B10: 第8期 | C10: =C9+7 -> 45986 | D10: =数据计算表!J9 -> 18000 | E10: =数据计算表!M9 -> 原初宝石 | F10: =数据计算表!N9 -> 原初宝石 | G10: 换三个五层 | H10: =HLOOKUP(G10,数据计算表!$A$3:$H$4,2,FALSE)+H9 -> 29520 | I10: =IF(D10-H10>=0,"剩余"&D10-H10,"需要"&D10-H10) -> 需要-11520 | J10: 3420 | K10: =K9+J10 -> 13660 | L10: =IF(K10>(H10-D10),"√","×") -> √ | M10: 换 | N10: =N9+2250-IF(M10="换",3240,0) -> 1800 | Q10: 16 | R10: =数据计算表!P3 -> 原初宝石
B11: 第9期 | C11: =C10+7 -> 45993 | D11: =数据计算表!J10 -> 20250 | E11: =数据计算表!M10 -> 自选奇迹遗物·龙I | F11: =数据计算表!N10 -> 自选奇迹遗物·龙I | G11: 换三个五层 | H11: =HLOOKUP(G11,数据计算表!$A$3:$H$4,2,FALSE)+H10 -> 35160 | I11: =IF(D11-H11>=0,"剩余"&D11-H11,"需要"&D11-H11) -> 需要-14910 | J11: 3420 | K11: =K10+J11 -> 17080 | L11: =IF(K11>(H11-D11),"√","×") -> √ | M11: 换 | N11: =N10+2250-IF(M11="换",3240,0) -> 810
B12: 第10期 | C12: =C11+7 -> 46000 | D12: =数据计算表!J11 -> 22350 | E12: =数据计算表!M11 -> 幸运神像 | F12: =数据计算表!N11 -> 幸运神像 | G12: 换两个五层 | H12: =HLOOKUP(G12,数据计算表!$A$3:$H$4,2,FALSE)+H11 -> 39600 | I12: =IF(D12-H12>=0,"剩余"&D12-H12,"需要"&D12-H12) -> 需要-17250 | J12: 1720 | K12: =K11+J12 -> 18800 | L12: =IF(K12>(H12-D12),"√","×") -> √ | M12: 不换 | N12: =N11+2250-IF(M12="换",3240,0) -> 3060 | Q12: 第几期漏做日常 | R12: 10
B13: 第11期 | C13: =C12+7 -> 46007 | D13: =数据计算表!J12 -> 24600 | E13: =数据计算表!M12 -> 4阶技能碎片*180 | F13: =数据计算表!N12 -> 4阶技能碎片*180 | G13: 换五层 | H13: =HLOOKUP(G13,数据计算表!$A$3:$H$4,2,FALSE)+H12 -> 42840 | I13: =IF(D13-H13>=0,"剩余"&D13-H13,"需要"&D13-H13) -> 需要-18240 | J13: 1720 | K13: =K12+J13 -> 20520 | L13: =IF(K13>(H13-D13),"√","×") -> √ | M13: 换 | N13: =N12+2250-IF(M13="换",3240,0) -> 2070 | Q13: 累计漏获得能量 | R13: 150
B14: 第12期 | C14: =C13+7 -> 46014 | D14: =数据计算表!J13 -> 26850 | E14: =数据计算表!M13 -> 原初宝石 | F14: =数据计算表!N13 -> 原初宝石 | G14: 换五层 | H14: =HLOOKUP(G14,数据计算表!$A$3:$H$4,2,FALSE)+H13 -> 46080 | I14: =IF(D14-H14>=0,"剩余"&D14-H14,"需要"&D14-H14) -> 需要-19230 | J14: 1720 | K14: =K13+J14 -> 22240 | L14: =IF(K14>(H14-D14),"√","×") -> √ | M14: 不换 | N14: =N13+2250-IF(M14="换",3240,0) -> 4320 | Q14: 累计跳期补偿能量 | R14: =数据计算表!P4 -> 1000
B15: 第13期 | C15: =C14+7 -> 46021 | D15: =数据计算表!J14 -> 29100 | E15: =数据计算表!M14 -> 自选奇迹遗物·龙II | F15: =数据计算表!N14 -> 自选奇迹遗物·龙II | G15: 换两个五层 | H15: =HLOOKUP(G15,数据计算表!$A$3:$H$4,2,FALSE)+H14 -> 50520 | I15: =IF(D15-H15>=0,"剩余"&D15-H15,"需要"&D15-H15) -> 需要-21420 | J15: 1720 | K15: =K14+J15 -> 23960 | L15: =IF(K15>(H15-D15),"√","×") -> √ | M15: 换 | N15: =N14+2250-IF(M15="换",3240,0) -> 3330
B16: 第14期 | C16: =C15+7 -> 46028 | D16: =数据计算表!J15 -> 31350 | E16: =数据计算表!M15 -> 幸运神像 | F16: =数据计算表!N15 -> 幸运神像 | G16: 换两个五层 | H16: =HLOOKUP(G16,数据计算表!$A$3:$H$4,2,FALSE)+H15 -> 54960 | I16: =IF(D16-H16>=0,"剩余"&D16-H16,"需要"&D16-H16) -> 需要-23610 | J16: 1720 | K16: =K15+J16 -> 25680 | L16: =IF(K16>(H16-D16),"√","×") -> √ | M16: 不换 | N16: =N15+2250-IF(M16="换",3240,0) -> 5580
B17: 第15期 | C17: =C16+7 -> 46035 | D17: =数据计算表!J16 -> 33600 | E17: =数据计算表!M16 -> 4阶技能碎片*180 | F17: =数据计算表!N16 -> 4阶技能碎片*180 | G17: 换两个五层 | H17: =HLOOKUP(G17,数据计算表!$A$3:$H$4,2,FALSE)+H16 -> 59400 | I17: =IF(D17-H17>=0,"剩余"&D17-H17,"需要"&D17-H17) -> 需要-25800 | J17: 1720 | K17: =K16+J17 -> 27400 | L17: =IF(K17>(H17-D17),"√","×") -> √ | M17: 换 | N17: =N16+2250-IF(M17="换",3240,0) -> 4590
B18: 第16期 | C18: =C17+7 -> 46042 | D18: =数据计算表!J17 -> 36850 | E18: =数据计算表!M17 -> 原初宝石 | F18: =数据计算表!N17 -> 自选奇迹遗物·羽I | G18: 换三个五层 | H18: =HLOOKUP(G18,数据计算表!$A$3:$H$4,2,FALSE)+H17 -> 65040 | I18: =IF(D18-H18>=0,"剩余"&D18-H18,"需要"&D18-H18) -> 需要-28190 | J18: 1720 | K18: =K17+J18 -> 29120 | L18: =IF(K18>(H18-D18),"√","×") -> √ | M18: 不换 | N18: =N17+2250-IF(M18="换",3240,0) -> 6840
A19: 羽国 | B19: 第17期 | C19: =C18+7 -> 46049 | D19: =数据计算表!J18 -> 39100 | E19: =数据计算表!M18 -> 自选奇迹遗物·羽I | F19: =数据计算表!N18 -> 原初宝石/贤者之石 | G19: 换两个五层 | H19: =HLOOKUP(G19,数据计算表!$A$3:$H$4,2,FALSE)+H18 -> 69480 | I19: =IF(D19-H19>=0,"剩余"&D19-H19,"需要"&D19-H19) -> 需要-30380 | J19: 3420 | K19: =K18+J19 -> 32540 | L19: =IF(K19>(H19-D19),"√","×") -> √ | M19: 换 | N19: =N18+2250-IF(M19="换",3240,0) -> 5850
B20: 第18期 | C20: =C19+7 -> 46056 | D20: =数据计算表!J19 -> 41350 | E20: =数据计算表!M19 -> 幸运神像/黄金圣木 | F20: =数据计算表!N19 -> 幸运神像/黄金圣木 | G20: 换两个五层 | H20: =HLOOKUP(G20,数据计算表!$A$3:$H$4,2,FALSE)+H19 -> 73920 | I20: =IF(D20-H20>=0,"剩余"&D20-H20,"需要"&D20-H20) -> 需要-32570 | J20: 3420 | K20: =K19+J20 -> 35960 | L20: =IF(K20>(H20-D20),"√","×") -> √ | M20: 换 | N20: =N19+2250-IF(M20="换",3240,0) -> 4860
B21: 第19期 | C21: =C20+7 -> 46063 | D21: =数据计算表!J20 -> 43600 | E21: =数据计算表!M20 -> 5阶技能碎片*180 | F21: =数据计算表!N20 -> 5阶技能碎片*180 | G21: 换三个五层 | H21: =HLOOKUP(G21,数据计算表!$A$3:$H$4,2,FALSE)+H20 -> 79560 | I21: =IF(D21-H21>=0,"剩余"&D21-H21,"需要"&D21-H21) -> 需要-35960 | J21: 3420 | K21: =K20+J21 -> 39380 | L21: =IF(K21>(H21-D21),"√","×") -> √ | M21: 换 | N21: =N20+2250-IF(M21="换",3240,0) -> 3870
B22: 第20期 | C22: =C21+7 -> 46070 | D22: =数据计算表!J21 -> 45850 | E22: =数据计算表!M21 -> 原初宝石/贤者之石 | F22: =数据计算表!N21 -> 原初宝石/贤者之石 | G22: 换两个五层 | H22: =HLOOKUP(G22,数据计算表!$A$3:$H$4,2,FALSE)+H21 -> 84000 | I22: =IF(D22-H22>=0,"剩余"&D22-H22,"需要"&D22-H22) -> 需要-38150 | J22: 1720 | K22: =K21+J22 -> 41100 | L22: =IF(K22>(H22-D22),"√","×") -> √ | M22: 换 | N22: =N21+2250-IF(M22="换",3240,0) -> 2880
B23: 第21期 | C23: =C22+7 -> 46077 | D23: =数据计算表!J22 -> 48100 | E23: =数据计算表!M22 -> 自选奇迹遗物·羽II | F23: =数据计算表!N22 -> 自选奇迹遗物·羽II | G23: 换五层 | H23: =HLOOKUP(G23,数据计算表!$A$3:$H$4,2,FALSE)+H22 -> 87240 | I23: =IF(D23-H23>=0,"剩余"&D23-H23,"需要"&D23-H23) -> 需要-39140 | J23: 720 | K23: =K22+J23 -> 41820 | L23: =IF(K23>(H23-D23),"√","×") -> √ | M23: 换 | N23: =N22+2250-IF(M23="换",3240,0) -> 1890
B24: 第22期 | C24: =C23+7 -> 46084 | D24: =数据计算表!J23 -> 50350 | E24: =数据计算表!M23 -> 幸运神像/黄金圣木 | F24: =数据计算表!N23 -> 幸运神像/黄金圣木 | G24: 不换 | H24: =HLOOKUP(G24,数据计算表!$A$3:$H$4,2,FALSE)+H23 -> 87240 | I24: =IF(D24-H24>=0,"剩余"&D24-H24,"需要"&D24-H24) -> 需要-36890 | J24: 720 | K24: =K23+J24 -> 42540 | L24: =IF(K24>(H24-D24),"√","×") -> √ | M24: 不换 | N24: =N23+2250-IF(M24="换",3240,0) -> 4140
B25: 第23期 | C25: =C24+7 -> 46091 | D25: =数据计算表!J24 -> 52600 | E25: =数据计算表!M24 -> 5阶技能碎片*180 | F25: =数据计算表!N24 -> 5阶技能碎片*180 | G25: 换三个五层 | H25: =HLOOKUP(G25,数据计算表!$A$3:$H$4,2,FALSE)+H24 -> 92880 | I25: =IF(D25-H25>=0,"剩余"&D25-H25,"需要"&D25-H25) -> 需要-40280 | J25: 720 | K25: =K24+J25 -> 43260 | L25: =IF(K25>(H25-D25),"√","×") -> √ | M25: 换 | N25: =N24+2250-IF(M25="换",3240,0) -> 3150
B26: 第24期 | C26: =C25+7 -> 46098 | D26: =数据计算表!J25 -> 54850 | E26: =数据计算表!M25 -> 原初宝石/贤者之石 | F26: =数据计算表!N25 -> 原初宝石/贤者之石 | G26: 不换 | H26: =HLOOKUP(G26,数据计算表!$A$3:$H$4,2,FALSE)+H25 -> 92880 | I26: =IF(D26-H26>=0,"剩余"&D26-H26,"需要"&D26-H26) -> 需要-38030 | J26: 720 | K26: =K25+J26 -> 43980 | L26: =IF(K26>(H26-D26),"√","×") -> √ | M26: 不换 | N26: =N25+2250-IF(M26="换",3240,0) -> 5400
B27: 第25期 | C27: =C26+7 -> 46105 | D27: =数据计算表!J26 -> 57100 | E27: =数据计算表!M26 -> 自选奇迹遗物·羽III | F27: =数据计算表!N26 -> 自选奇迹遗物·羽III | G27: 换三个五层 | H27: =HLOOKUP(G27,数据计算表!$A$3:$H$4,2,FALSE)+H26 -> 98520 | I27: =IF(D27-H27>=0,"剩余"&D27-H27,"需要"&D27-H27) -> 需要-41420 | J27: 720 | K27: =K26+J27 -> 44700 | L27: =IF(K27>(H27-D27),"√","×") -> √ | M27: 换 | N27: =N26+2250-IF(M27="换",3240,0) -> 4410
B28: 第26期 | C28: =C27+7 -> 46112 | D28: =数据计算表!J27 -> 59350 | E28: =数据计算表!M27 -> 幸运神像/黄金圣木 | F28: =数据计算表!N27 -> 幸运神像/黄金圣木 | G28: 不换 | H28: =HLOOKUP(G28,数据计算表!$A$3:$H$4,2,FALSE)+H27 -> 98520 | I28: =IF(D28-H28>=0,"剩余"&D28-H28,"需要"&D28-H28) -> 需要-39170 | J28: 3420 | K28: =K27+J28 -> 48120 | L28: =IF(K28>(H28-D28),"√","×") -> √ | M28: 不换 | N28: =N27+2250-IF(M28="换",3240,0) -> 6660
B29: 第27期 | C29: =C28+7 -> 46119 | D29: =数据计算表!J28 -> 61600 | E29: =数据计算表!M28 -> 5阶技能碎片*180 | F29: =数据计算表!N28 -> 5阶技能碎片*180 | G29: 换三个五层 | H29: =HLOOKUP(G29,数据计算表!$A$3:$H$4,2,FALSE)+H28 -> 104160 | I29: =IF(D29-H29>=0,"剩余"&D29-H29,"需要"&D29-H29) -> 需要-42560 | J29: 3420 | K29: =K28+J29 -> 51540 | L29: =IF(K29>(H29-D29),"√","×") -> √ | M29: 换 | N29: =N28+2250-IF(M29="换",3240,0) -> 5670
B30: 第28期 | C30: =C29+7 -> 46126 | D30: =数据计算表!J29 -> 63850 | E30: =数据计算表!M29 -> 原初宝石/贤者之石 | F30: =数据计算表!N29 -> 原初宝石/贤者之石 | G30: 换两个五层 | H30: =HLOOKUP(G30,数据计算表!$A$3:$H$4,2,FALSE)+H29 -> 108600 | I30: =IF(D30-H30>=0,"剩余"&D30-H30,"需要"&D30-H30) -> 需要-44750 | J30: 720 | K30: =K29+J30 -> 52260 | L30: =IF(K30>(H30-D30),"√","×") -> √ | M30: 不换 | N30: =N29+2250-IF(M30="换",3240,0) -> 7920
B31: 第29期 | C31: =C30+7 -> 46133 | D31: =数据计算表!J30 -> 66100 | E31: =数据计算表!M30 -> 自选奇迹遗物·羽III | F31: =数据计算表!N30 -> 自选奇迹遗物·羽III | G31: 换三个五层 | H31: =HLOOKUP(G31,数据计算表!$A$3:$H$4,2,FALSE)+H30 -> 114240 | I31: =IF(D31-H31>=0,"剩余"&D31-H31,"需要"&D31-H31) -> 需要-48140 | J31: 720 | K31: =K30+J31 -> 52980 | L31: =IF(K31>(H31-D31),"√","×") -> √ | M31: 换 | N31: =N30+2250-IF(M31="换",3240,0) -> 6930
B32: 第30期 | C32: =C31+7 -> 46140 | D32: =数据计算表!J31 -> 68350 | E32: =数据计算表!M31 -> 幸运神像/黄金圣木 | F32: =数据计算表!N31 -> 幸运神像/黄金圣木 | G32: 换五层 | H32: =HLOOKUP(G32,数据计算表!$A$3:$H$4,2,FALSE)+H31 -> 117480 | I32: =IF(D32-H32>=0,"剩余"&D32-H32,"需要"&D32-H32) -> 需要-49130 | J32: 720 | K32: =K31+J32 -> 53700 | L32: =IF(K32>(H32-D32),"√","×") -> √ | M32: 不换 | N32: =N31+2250-IF(M32="换",3240,0) -> 9180
A33: 哈帕迪 | B33: 第31期 | C33: =C32+7 -> 46147 | D33: =数据计算表!J32 -> 70600 | E33: =数据计算表!M32 -> 6阶技能碎片*180 | F33: =数据计算表!N32 -> 6阶技能碎片*180 | G33: 换五层 | H33: =HLOOKUP(G33,数据计算表!$A$3:$H$4,2,FALSE)+H32 -> 120720 | I33: =IF(D33-H33>=0,"剩余"&D33-H33,"需要"&D33-H33) -> 需要-50120 | J33: 720 | K33: =K32+J33 -> 54420 | L33: =IF(K33>(H33-D33),"√","×") -> √ | M33: 换 | N33: =N32+2250-IF(M33="换",3240,0) -> 8190
B34: 第32期 | C34: =C33+7 -> 46154 | D34: =数据计算表!J33 -> 72850 | E34: =数据计算表!M33 -> 原初宝石/贤者之石/秘宝探测仪 | F34: =数据计算表!N33 -> 原初宝石/贤者之石/秘宝探测仪 | G34: 换五层 | H34: =HLOOKUP(G34,数据计算表!$A$3:$H$4,2,FALSE)+H33 -> 123960 | I34: =IF(D34-H34>=0,"剩余"&D34-H34,"需要"&D34-H34) -> 需要-51110 | J34: 720 | K34: =K33+J34 -> 55140 | L34: =IF(K34>(H34-D34),"√","×") -> √ | M34: 换 | N34: =N33+2250-IF(M34="换",3240,0) -> 7200
B35: 第33期 | C35: =C34+7 -> 46161 | D35: =数据计算表!J34 -> 75100 | E35: =数据计算表!M34 -> 自选奇迹遗物·哈I | F35: =数据计算表!N34 -> 自选奇迹遗物·哈I | G35: 换五层 | H35: =HLOOKUP(G35,数据计算表!$A$3:$H$4,2,FALSE)+H34 -> 127200 | I35: =IF(D35-H35>=0,"剩余"&D35-H35,"需要"&D35-H35) -> 需要-52100 | J35: 720 | K35: =K34+J35 -> 55860 | L35: =IF(K35>(H35-D35),"√","×") -> √ | M35: 换 | N35: =N34+2250-IF(M35="换",3240,0) -> 6210
B36: 第34期 | C36: =C35+7 -> 46168 | D36: =数据计算表!J35 -> 77350 | E36: =数据计算表!M35 -> 幸运神像/黄金圣木/无尽沙漏 | F36: =数据计算表!N35 -> 幸运神像/黄金圣木/无尽沙漏 | G36: 不换 | H36: =HLOOKUP(G36,数据计算表!$A$3:$H$4,2,FALSE)+H35 -> 127200 | I36: =IF(D36-H36>=0,"剩余"&D36-H36,"需要"&D36-H36) -> 需要-49850 | J36: 720 | K36: =K35+J36 -> 56580 | L36: =IF(K36>(H36-D36),"√","×") -> √ | M36: 换 | N36: =N35+2250-IF(M36="换",3240,0) -> 5220
B37: 第35期 | C37: =C36+7 -> 46175 | D37: =数据计算表!J36 -> 79600 | E37: =数据计算表!M36 -> 6阶技能碎片*180 | F37: =数据计算表!N36 -> 6阶技能碎片*180 | G37: 换五层 | H37: =HLOOKUP(G37,数据计算表!$A$3:$H$4,2,FALSE)+H36 -> 130440 | I37: =IF(D37-H37>=0,"剩余"&D37-H37,"需要"&D37-H37) -> 需要-50840 | J37: 720 | K37: =K36+J37 -> 57300 | L37: =IF(K37>(H37-D37),"√","×") -> √ | M37: 换 | N37: =N36+2250-IF(M37="换",3240,0) -> 4230
B38: 第36期 | C38: =C37+7 -> 46182 | D38: =数据计算表!J37 -> 81850 | E38: =数据计算表!M37 -> 原初宝石/贤者之石/秘宝探测仪 | F38: =数据计算表!N37 -> 原初宝石/贤者之石/秘宝探测仪 | G38: 换五层 | H38: =HLOOKUP(G38,数据计算表!$A$3:$H$4,2,FALSE)+H37 -> 133680 | I38: =IF(D38-H38>=0,"剩余"&D38-H38,"需要"&D38-H38) -> 需要-51830 | J38: 720 | K38: =K37+J38 -> 58020 | L38: =IF(K38>(H38-D38),"√","×") -> √ | M38: 换 | N38: =N37+2250-IF(M38="换",3240,0) -> 3240
B39: 第37期 | C39: =C38+7 -> 46189 | D39: =数据计算表!J38 -> 84100 | E39: =数据计算表!M38 -> 自选奇迹遗物·哈II | F39: =数据计算表!N38 -> 自选奇迹遗物·哈II | G39: 换五层 | H39: =HLOOKUP(G39,数据计算表!$A$3:$H$4,2,FALSE)+H38 -> 136920 | I39: =IF(D39-H39>=0,"剩余"&D39-H39,"需要"&D39-H39) -> 需要-52820 | J39: 720 | K39: =K38+J39 -> 58740 | L39: =IF(K39>(H39-D39),"√","×") -> √ | M39: 换 | N39: =N38+2250-IF(M39="换",3240,0) -> 2250
B40: 第38期 | C40: =C39+7 -> 46196 | D40: =数据计算表!J39 -> 86350 | E40: =数据计算表!M39 -> 幸运神像/黄金圣木/无尽沙漏 | F40: =数据计算表!N39 -> 幸运神像/黄金圣木/无尽沙漏 | G40: 不换 | H40: =HLOOKUP(G40,数据计算表!$A$3:$H$4,2,FALSE)+H39 -> 136920 | I40: =IF(D40-H40>=0,"剩余"&D40-H40,"需要"&D40-H40) -> 需要-50570 | J40: 720 | K40: =K39+J40 -> 59460 | L40: =IF(K40>(H40-D40),"√","×") -> √ | M40: 不换 | N40: =N39+2250-IF(M40="换",3240,0) -> 4500
B41: 第39期 | C41: =C40+7 -> 46203 | D41: =数据计算表!J40 -> 88600 | E41: =数据计算表!M40 -> 6阶技能碎片*180 | F41: =数据计算表!N40 -> 6阶技能碎片*180 | G41: 换五层 | H41: =HLOOKUP(G41,数据计算表!$A$3:$H$4,2,FALSE)+H40 -> 140160 | I41: =IF(D41-H41>=0,"剩余"&D41-H41,"需要"&D41-H41) -> 需要-51560 | J41: 720 | K41: =K40+J41 -> 60180 | L41: =IF(K41>(H41-D41),"√","×") -> √ | M41: 换 | N41: =N40+2250-IF(M41="换",3240,0) -> 3510
B42: 第40期 | C42: =C41+7 -> 46210 | D42: =数据计算表!J41 -> 90850 | E42: =数据计算表!M41 -> 原初宝石/贤者之石/秘宝探测仪 | F42: =数据计算表!N41 -> 原初宝石/贤者之石/秘宝探测仪 | G42: 换五层 | H42: =HLOOKUP(G42,数据计算表!$A$3:$H$4,2,FALSE)+H41 -> 143400 | I42: =IF(D42-H42>=0,"剩余"&D42-H42,"需要"&D42-H42) -> 需要-52550 | J42: 720 | K42: =K41+J42 -> 60900 | L42: =IF(K42>(H42-D42),"√","×") -> √ | M42: 换 | N42: =N41+2250-IF(M42="换",3240,0) -> 2520
B43: 第41期 | C43: =C42+7 -> 46217 | D43: =数据计算表!J42 -> 93100 | E43: =数据计算表!M42 -> 自选奇迹遗物·哈III | F43: =数据计算表!N42 -> 自选奇迹遗物·哈III | G43: 换五层 | H43: =HLOOKUP(G43,数据计算表!$A$3:$H$4,2,FALSE)+H42 -> 146640 | I43: =IF(D43-H43>=0,"剩余"&D43-H43,"需要"&D43-H43) -> 需要-53540 | J43: 720 | K43: =K42+J43 -> 61620 | L43: =IF(K43>(H43-D43),"√","×") -> √ | M43: 换 | N43: =N42+2250-IF(M43="换",3240,0) -> 1530
B44: 第42期 | C44: =C43+7 -> 46224 | D44: =数据计算表!J43 -> 95350 | E44: =数据计算表!M43 -> 幸运神像/黄金圣木/无尽沙漏 | F44: =数据计算表!N43 -> 幸运神像/黄金圣木/无尽沙漏 | G44: 不换 | H44: =HLOOKUP(G44,数据计算表!$A$3:$H$4,2,FALSE)+H43 -> 146640 | I44: =IF(D44-H44>=0,"剩余"&D44-H44,"需要"&D44-H44) -> 需要-51290 | J44: 720 | K44: =K43+J44 -> 62340 | L44: =IF(K44>(H44-D44),"√","×") -> √ | M44: 不换 | N44: =N43+2250-IF(M44="换",3240,0) -> 3780
B45: 第43期 | C45: =C44+7 -> 46231 | D45: =数据计算表!J44 -> 97600 | E45: =数据计算表!M44 -> 6阶技能碎片*180 | F45: =数据计算表!N44 -> 6阶技能碎片*180 | G45: 换五层 | H45: =HLOOKUP(G45,数据计算表!$A$3:$H$4,2,FALSE)+H44 -> 149880 | I45: =IF(D45-H45>=0,"剩余"&D45-H45,"需要"&D45-H45) -> 需要-52280 | J45: 720 | K45: =K44+J45 -> 63060 | L45: =IF(K45>(H45-D45),"√","×") -> √ | M45: 换 | N45: =N44+2250-IF(M45="换",3240,0) -> 2790
... B50: 第48期 | C50: =C49+7 -> 46266 | D50: =数据计算表!J49 -> 108850 | E50: =数据计算表!M49 -> 原初宝石/贤者之石/秘宝探测仪 | F50: =数据计算表!N49 -> 原初宝石/贤者之石/秘宝探测仪 | G50: 换五层 | H50: =HLOOKUP(G50,数据计算表!$A$3:$H$4,2,FALSE)+H49 -> 166080 | I50: =IF(D50-H50>=0,"剩余"&D50-H50,"需要"&D50-H50) -> 需要-57230 | J50: 720 | K50: =K49+J50 -> 66660 | L50: =IF(K50>(H50-D50),"√","×") -> √ | M50: 换 | N50: =N49+2250-IF(M50="换",3240,0) -> 1080

Sheet 幻兽同调计算器
A1: 当前幻兽品质 | C1: 奇迹 | F1: 对比幻兽品质 | H1: 传说
A2: 当前幻兽同调率 | C2: 1.36 | F2: 对比幻兽同调率 | H2: 1.49
A3: 当前重置后幻兽面板 | B3: 攻击力 | C3: 5.18 | F3: 当前重置后幻兽面板 | G3: 攻击力 | H3: =数据计算表!EJ18 -> 4.2563603
B4: 防御力 | C4: 5.18 | G4: 防御力 | H4: =数据计算表!EJ19 -> 4.2563603
B5: 生命值 | C5: 25.9 | G5: 生命值 | H5: =数据计算表!EJ20 -> 21.281801
B6: 速度 | C6: 4.14 | G6: 速度 | H6: =数据计算表!EJ21 -> 3.4018015
B7: 战力 | C7: =数据计算表!EF22 -> 51.7875 | G7: 战力 | H7: =数据计算表!EK22 -> 42.553332
A8: 幻兽点满能力页数量 | C8: 1 | F8: 幻兽点满能力页数量 | H8: 1
A9: 点满能力页后面板 | B9: 攻击力
B10: 防御力
B11: 生命值
B12: 速度
B13: 战力

Sheet 数据计算表
A1: 一层 | B1: 二层 | C1: 三层 | D1: 四层 | E1: 五层 | J1: 能量 | K1: 期数 | L1: 天数 | M1: 正常序列 | N1: 跳期修正 | O1: 是否跳期 | P1: =秘宝大作战!R8 -> 是 | Q1: 漏做期数 | R1: =秘宝大作战!R12 -> 10 | V1: 星象合约部分 | AE1: 递增 | AF1: 累计 | AG1: 效果 | AH1: 百分比 | AI1: 累计效果 | AK1: 泽国选中原初之星数量 | AL1: 泽国原初档位 | AM1: 副本掉落装备升华率 | AN1: 宝石获取率 | AO1: 副本评价奖励翻倍概率 | AP1: 经验获取加成 | AU1: 泽国 | AW1: 龙国 | AY1: 羽国 | BB1: 经验计算处理区 | BJ1: 钥匙 | BK1: 药水 | BL1: 钻头 | BM1: 水雷 | BN1: 云 | BO1: 锤子 | BS1: 晨星 | BX1: 强化消耗 | BZ1: 装备 | CA1: 粗练石 | CB1: 金币 | CC1: 晨星价值 | CD1: 原初价格 | CE1: 原初体力消耗 | CG1: 技能 | CH1: 历战精华 | CI1: 金币 | CJ1: 晨星价值 | CK1: 原初价格 | CL1: 原初体力消耗 | CN1: 遗物 | CO1: 时之沙 | CP1: 金币 | CQ1: 晨星价值 | CR1: 原初价格 | CS1: 原初体力消耗 | CU1: 幻兽 | CV1: 经验 | CW1: 金币 | CX1: 晨星价值 | CY1: 原初价格 | DD1: 宝石 | DN1: 宝石价格 | DO1: =属性晨星性价比!B2 -> 720 | DQ1: 选择幻兽品质 | DR1: =属性晨星性价比!C17 -> 奇迹 | DS1: 占位 | DT1: =IF(DR1="奇迹",1.2,IF(DR1="传说",1.1,1)) -> 1.2 | ED1: 攻击 | EE1: 防御 | EF1: 生命 | EG1: 速度 | FB1: 伙伴经验需求 | FN1: 碎片率 | FO1: 整装率 | FQ1: 蓝色遗物属性类别 | FR1: =属性晨星性价比!R6 -> 攻击 | FT1: 0星 | FU1: 1 | FW1: 攻击 | FX1: 2.5
A2: 240 | B2: 400 | C2: 600 | D2: 800 | E2: 1200 | J2: =K2*2250-IF(K2<$R$1,0,$R$2)+IF($P$1="是",IF(K2<$P$2,0,1000),0) -> 2250 | K2: 1 | L2: =K2*7+1 -> 8 | M2: 自选奇迹遗物·山 | N2: =IF($P$1="是",IF(K2<$P$2,M2,IF(K2=$P$2,M3,IF(K2=$P$2+1,M5,M2)))) -> 自选奇迹遗物·山 | O2: 跳期期数 | P2: =秘宝大作战!Q10 -> 16 | Q2: 漏获得能量 | R2: =秘宝大作战!R13 -> 150 | V2: 泽国数据 | AD2: 1 | AE2: 10 | AF2: 10 | AG2: 副本掉落装备升华率 | AH2: 0.03 | AI2: =COUNTIF(AG$1:AG2,AG2)*AH2 -> 0.03 | AK2: =泽国星象合约计算器!H2 -> 200 | AL2: =MATCH(AK2,$AF$2:$AF$65,1) -> 12 | AM2: =VLOOKUP(IF(MOD(AL2,4)<1,AL2-MOD(AL2,4)-3,AL2-MOD(AL2,4)+1),$AD$2:$AI$65,6,FALSE) -> 0.09 | AN2: =VLOOKUP(IF(MOD(AL2,4)<2,AL2-MOD(AL2,4)-2,AL2-MOD(AL2,4)+2),$AD$2:$AI$65,6,FALSE) -> 0.15 | AO2: =VLOOKUP(IF(MOD(AL2,4)<3,AL2-MOD(AL2,4)-1,AL2-MOD(AL2,4)+3),$AD$2:$AI$65,6,FALSE) -> 0.06 | AP2: =VLOOKUP(IF(MOD(AL2,4)<4,AL2-MOD(AL2,4),AL2-MOD(AL2,4)+4),$AD$2:$AI$65,6,FALSE) -> 0.06 | AU2: 等级 | AV2: 经验 | AW2: 等级 | AX2: 经验 | AY2: 等级 | AZ2: 经验 | BB2: 当前时间 | BC2: =NOW() -> 46180.438 | BE2: 等级列 | BF2: 当前等级行 | BG2: 当前目标行 | BI2: 森国 | BJ2: 3 | BK2: 5 | BL2: 3 | BM2: 0 | BN2: 0 | BO2: 0 | BR2: 金币价格 | BS2: =30/30000 -> 0.001 | BZ2: 161 | CA2: 26000 | CB2: =CA2*2 -> 52000 | CC2: =CA2*$BT$5+CB2*$BS$2 -> 312 | CD2: =CC2/14*13 -> 289.71429 | CE2: =(CA2/$BS$14*5+CB2/$BS$13*5)/14*13 -> 55.211437 | CG2: 161 | CH2: 19225 | CI2: 0 | CJ2: =CH2*$BT$6+CI2*$BS$2 -> 153.8 | CK2: =CJ2/5*13 -> 399.88 | CL2: =(CH2/$BS$15*5+CI2/$BS$13*5)/5*13 -> 83.308333 | CN2: 17 | CO2: 57500 | CP2: 103500 | CQ2: =CO2*$BT$7+CP2*$BS$2 -> 793.5 | CR2: =CQ2/26*13 -> 396.75 | CS2: =(CO2/$BS$16*5+CP2/$BS$13*5)/26*13 -> 75.609449 | CU2: 161 | CV2: 177350 | CW2: 0 | CX2: =CV2*$BT$8+CW2*$BS$2 -> 354.7 | CY2: =CX2/6*13 -> 768.51667 | DD2: 宝石等级 | DE2: 属性 | DF2: 升级成功率 | DG2: 蓄能值 | DH2: 必定成功次数 | DI2: 升级需要宝石数量 | DJ2: 每颗宝石获得属性 | DL2: 每10000战力所需晨星 | DN2: 幻兽材料价格 | DO2: =属性晨星性价比!B3 -> 80 | DQ2: 当前幻兽同调率 | DR2: =属性晨星性价比!C18 -> 1.24 | DT2: 实际面板 | EC2: 战力 | ED2: 2.5 | EE2: 2.5 | EF2: 0.5 | EG2: 3.125 | FB2: 等级 | FC2: 常规 | FD2: 朵菈 | FM2: 蓝色 | FN2: 0.7355 | FO2: 0.1246 | FQ2: 蓝色遗物当前星级 | FR2: =属性晨星性价比!R7 -> 0星 | FT2: 1星 | FU2: 1.2 | FW2: 防御 | FX2: 2.5
A3: 换一层 | B3: 换二层 | C3: 换三层 | D3: 换四层 | E3: 换五层 | F3: 不换 | G3: 换两个五层 | H3: 换三个五层 | J3: =K3*2250-IF(K3<$R$1,0,$R$2)+IF($P$1="是",IF(K3<$P$2,0,1000),0) -> 4500 | K3: 2 | L3: =K3*7+1 -> 15 | M3: 幸运神像 | N3: =IF($P$1="是",IF(K3<$P$2,M3,IF(K3=$P$2,M4,IF(K3=$P$2+1,M6,M3)))) -> 幸运神像 | O3: 跳期奖励 | P3: =IF(P1="是",VLOOKUP(P2,K:M,3,0),IF(P1="否","未跳期","错误")) -> 原初宝石 | V3: 角色等级 | W3: 装备强化等级 | X3: 技能强化等级 | Y3: 古遗物强化等级 | Z3: 幻兽等级 | AA3: 转化系数 | AB3: 固定原初 | AD3: 2 | AE3: 10 | AF3: =AF2+AE3 -> 20 | AG3: 宝石获取率 | AH3: 0.05 | AI3: =COUNTIF(AG$1:AG3,AG3)*AH3 -> 0.05 | AU3: 1 | AV3: 80 | AW3: 1 | AX3: 80 | AY3: 1 | AZ3: 80 | BB3: 当前赛季 | BC3: =#REF! -> #REF! | BD3: 龙国 | BE3: {=COLUMN(INDEX(1:1,MATCH(BD3,1:1,0)))-32} -> 17 | BF3: =BC4+2 -> #REF! | BG3: =BC5+2 -> #REF! | BI3: 山国 | BJ3: 4 | BK3: 3 | BL3: 5 | BM3: 3 | BN3: 0 | BO3: 0 | BZ3: 162 | CA3: =CA2+260 -> 26260 | CB3: =CA3*2 -> 52520 | CC3: =CA3*$BT$5+CB3*$BS$2 -> 315.12 | CD3: =CC3/14*13 -> 292.61143 | CE3: =(CA3/$BS$14*5+CB3/$BS$13*5)/14*13 -> 55.763551 | CG3: 162 | CH3: =CH2+190 -> 19415 | CI3: 0 | CJ3: =CH3*$BT$6+CI3*$BS$2 -> 155.32 | CK3: =CJ3/5*13 -> 403.832 | CL3: =(CH3/$BS$15*5+CI3/$BS$13*5)/5*13 -> 84.131667 | CN3: 18 | CO3: 63250 | CP3: =CP2+10350 -> 113850 | CQ3: =CO3*$BT$7+CP3*$BS$2 -> 872.85 | CR3: =CQ3/26*13 -> 436.425 | CS3: =(CO3/$BS$16*5+CP3/$BS$13*5)/26*13 -> 83.170394 | CU3: 162 | CV3: 180900 | CW3: 0 | CX3: =CV3*$BT$8+CW3*$BS$2 -> 361.8 | CY3: =CX3/6*13 -> 783.9 | DD3: 5 | DE3: 0.18 | DI3: 1 | DJ3: 0.18 | DK3: =FLOOR(10000*DJ3*MAX(DP$17*2.5,DP$18*2.5,DP$19*0.5,DP$20*3.125),1) -> 85428 | DL3: =DO$1/(DK3/10000) -> 84.2815 | DN3: 蓝食材价格 | DO3: =属性晨星性价比!B4 -> 15 | DQ3: 当前重置后幻兽面板 | DR3: 攻击力 | DS3: =属性晨星性价比!C19 -> 15 | DT3: =DS3/DR$2 -> 12.096774 | ED3: 攻击 | EE3: 攻击百分比 | EF3: 攻击节点 | EG3: 总攻击 | EH3: 总攻击百分比 | EI3: 防御 | EJ3: 防御百分比 | EK3: 防御节点 | EL3: 总防御 | EM3: 总防御百分比 | EN3: 生命 | EO3: 生命百分比 | EP3: 生命节点 | EQ3: 总生命 | ER3: 总生命百分比 | ES3: 速度 | ET3: 速度百分比 | EU3: 速度节点 | EV3: 总速度 | EW3: 总速度百分比 | EX3: 特殊节点 | EY3: 总节点数 | FB3: 1 | FC3: 900 | FD3: =SUM($FC$3:FC3) -> 900 | FM3: 紫色 | FN3: 0.1103 | FO3: 0.01 | FQ3: 蓝色遗物属性数值 | FR3: =属性晨星性价比!R8 -> 1.57 | FT3: 2星 | FU3: 1.4 | FW3: 生命 | FX3: 0.5
A4: =A2 -> 240 | B4: =A4+B2 -> 640 | C4: =B4+C2 -> 1240 | D4: =C4+D2 -> 2040 | E4: =D4+E2 -> 3240 | F4: 0 | G4: =E4+E2 -> 4440 | H4: =G4+E2 -> 5640 | J4: =K4*2250-IF(K4<$R$1,0,$R$2)+IF($P$1="是",IF(K4<$P$2,0,1000),0) -> 6750 | K4: 3 | L4: =K4*7+1 -> 22 | M4: 3阶技能碎片*180 | N4: =IF($P$1="是",IF(K4<$P$2,M4,IF(K4=$P$2,M5,IF(K4=$P$2+1,M7,M4)))) -> 3阶技能碎片*180 | O4: 补偿能量 | P4: =IF(P1="是",1000,IF(P1="否",0,"错误")) -> 1000 | V4: 100 | W4: 38 | X4: 13 | Y4: 57 | Z4: 14 | AA4: 100 | AB4: 10 | AD4: 3 | AE4: 10 | AF4: =AF3+AE4 -> 30 | AG4: 副本评价奖励翻倍概率 | AH4: 0.02 | AI4: =COUNTIF(AG$1:AG4,AG4)*AH4 -> 0.02 | AK4: 龙国选中原初之星数量 | AL4: 龙国原初档位 | AM4: 副本掉落装备升华率 | AN4: 宝石获取率 | AO4: 副本评价奖励翻倍概率 | AP4: 经验获取加成 | AU4: 2 | AV4: 90 | AW4: 2 | AX4: 90 | AY4: 2 | AZ4: 90 | BB4: 当前等级 | BC4: =#REF! -> #REF! | BD4: 经验值求和 | BE4: =SUM(INDEX(AU:AZ,BF3,BE3+1):INDEX(AU:AZ,BG3-1,BE3+1)) -> #REF! | BI4: 泽国 | BJ4: 5 | BK4: 2 | BL4: 3 | BM4: 6 | BN4: 0 | BO4: 0 | BR4: 材料名 | BS4: 金币价格 | BT4: 晨星价格 | BZ4: 163 | CA4: =CA3+260 -> 26520 | CB4: =CA4*2 -> 53040 | CC4: =CA4*$BT$5+CB4*$BS$2 -> 318.24 | CD4: =CC4/14*13 -> 295.50857 | CE4: =(CA4/$BS$14*5+CB4/$BS$13*5)/14*13 -> 56.315666 | CG4: 163 | CH4: =CH3+195 -> 19610 | CI4: 0 | CJ4: =CH4*$BT$6+CI4*$BS$2 -> 156.88 | CK4: =CJ4/5*13 -> 407.888 | CL4: =(CH4/$BS$15*5+CI4/$BS$13*5)/5*13 -> 84.976667 | CN4: 19 | CO4: 69000 | CP4: =CP3+10350 -> 124200 | CQ4: =CO4*$BT$7+CP4*$BS$2 -> 952.2 | CR4: =CQ4/26*13 -> 476.1 | CS4: =(CO4/$BS$16*5+CP4/$BS$13*5)/26*13 -> 90.731339 | CU4: 163 | CV4: 184450 | CW4: 0 | CX4: =CV4*$BT$8+CW4*$BS$2 -> 368.9 | CY4: =CX4/6*13 -> 799.28333 | DD4: 6 | DE4: =1.5*DE3 -> 0.27 | DF4: 1 | DG4: 1 | DH4: 1 | DI4: {=IF(DH4=1,1,SUM(_xlfn.SEQUENCE(DH4-1)*(1-DF4)^(_xlfn.SEQUENCE(DH4-1)-1)*DF4)+(1-DF4)^(DH4-1)*DH4)} -> 1 | DJ4: =DE3/2/DI4 -> 0.09 | DK4: =FLOOR(10000*DJ4*MAX(DP$17*2.5,DP$18*2.5,DP$19*0.5,DP$20*3.125),1) -> 42714 | DL4: =DO$1/(DK4/10000) -> 168.563 | DN4: 紫食材价格 | DO4: =属性晨星性价比!B5 -> 15 | DR4: 防御力 | DS4: =属性晨星性价比!C20 -> 15 | DT4: =DS4/DR$2 -> 12.096774 | EC4: 1 | ED4: 26 | EE4: 0.05 | EF4: 5 | EG4: =(4*EF4+2*($EY4-EF4))*ED4 -> 1248 | EH4: =EF4*EE4 -> 0.25 | EI4: 26 | EJ4: 0.05 | EK4: 5 | EL4: =(4*EK4+2*($EY4-EK4))*EI4 -> 1248 | EM4: =EK4*EJ4 -> 0.25 | EN4: 130 | EO4: 0.05 | EP4: 4 | EQ4: =(4*EP4+2*($EY4-EP4))*EN4 -> 5980 | ER4: =EP4*EO4 -> 0.2 | ES4: 20 | ET4: 0.05 | EU4: 4 | EV4: =(4*EU4+2*($EY4-EU4))*ES4 -> 920 | EW4: =EU4*ET4 -> 0.2 | EX4: 1 | EY4: =EF4+EK4+EP4+EU4+EX4 -> 19 | FB4: 2 | FC4: 1050 | FD4: =SUM($FC$3:FC4) -> 1950 | FL4: 蓝色 | FM4: 每抽碎片 | FN4: =FN2*3+FO2*20 -> 4.6985 | FO4: 每碎片价格 | FP4: =80/FN4 -> 17.026711 | FQ4: 星级倍率 | FR4: =VLOOKUP(FR2,FT1:FU7,2,0) -> 1 | FT4: 3星 | FU4: 1.6 | FW4: 速度 | FX4: 3.125
A5: 1 | B5: 2 | C5: 3 | D5: 4 | E5: 5 | F5: 0 | J5: =K5*2250-IF(K5<$R$1,0,$R$2)+IF($P$1="是",IF(K5<$P$2,0,1000),0) -> 9000 | K5: 4 | L5: =K5*7+1 -> 29 | M5: 原初宝石 | N5: =IF($P$1="是",IF(K5<$P$2,M5,IF(K5=$P$2,M6,IF(K5=$P$2+1,M8,M5)))) -> 原初宝石 | V5: 龙国数据 | AD5: 4 | AE5: 10 | AF5: =AF4+AE5 -> 40 | AG5: 经验获取加成 | AH5: 0.02 | AI5: =COUNTIF(AG$1:AG5,AG5)*AH5 -> 0.02 | AK5: =龙国星象合约计算器!H2 -> 1130 | AL5: =MATCH(AK5,$AF$2:$AF$65,1) -> 31 | AM5: =VLOOKUP(IF(MOD(AL5,4)<1,AL5-MOD(AL5,4)-3,AL5-MOD(AL5,4)+1),$AD$2:$AI$65,6,FALSE) -> 0.24 | AN5: =VLOOKUP(IF(MOD(AL5,4)<2,AL5-MOD(AL5,4)-2,AL5-MOD(AL5,4)+2),$AD$2:$AI$65,6,FALSE) -> 0.4 | AO5: =VLOOKUP(IF(MOD(AL5,4)<3,AL5-MOD(AL5,4)-1,AL5-MOD(AL5,4)+3),$AD$2:$AI$65,6,FALSE) -> 0.16 | AP5: =VLOOKUP(IF(MOD(AL5,4)<4,AL5-MOD(AL5,4),AL5-MOD(AL5,4)+4),$AD$2:$AI$65,6,FALSE) -> 0.14 | AU5: 3 | AV5: 90 | AW5: 3 | AX5: 90 | AY5: 3 | AZ5: 90 | BB5: 目标等级 | BC5: =#REF! -> #REF! | BI5: 龙国 | BJ5: 5 | BK5: 1 | BL5: 1 | BM5: 2 | BN5: 7 | BO5: 0 | BR5: 粗练石 | BS5: 10 | BT5: =$BS$2*BS5 -> 0.01 | BZ5: 164 | CA5: =CA4+260 -> 26780 | CB5: =CA5*2 -> 53560 | CC5: =CA5*$BT$5+CB5*$BS$2 -> 321.36 | CD5: =CC5/14*13 -> 298.40571 | CE5: =(CA5/$BS$14*5+CB5/$BS$13*5)/14*13 -> 56.86778 | CG5: 164 | CH5: =CH4+190 -> 19800 | CI5: 0 | CJ5: =CH5*$BT$6+CI5*$BS$2 -> 158.4 | CK5: =CJ5/5*13 -> 411.84 | CL5: =(CH5/$BS$15*5+CI5/$BS$13*5)/5*13 -> 85.8 | CN5: 20 | CO5: 74750 | CP5: =CP4+10350 -> 134550 | CQ5: =CO5*$BT$7+CP5*$BS$2 -> 1031.55 | CR5: =CQ5/26*13 -> 515.775 | CS5: =(CO5/$BS$16*5+CP5/$BS$13*5)/26*13 -> 98.292284 | CU5: 164 | CV5: 188000 | CW5: 0 | CX5: =CV5*$BT$8+CW5*$BS$2 -> 376 | CY5: =CX5/6*13 -> 814.66667 | DD5: 7 | DE5: =1.5*DE4 -> 0.405 | DF5: 0.36 | DG5: 0.5 | DH5: 3 | DI5: {=IF(DH5=1,1,SUM(_xlfn.SEQUENCE(DH5-1)*(1-DF5)^(_xlfn.SEQUENCE(DH5-1)-1)*DF5)+(1-DF5)^(DH5-1)*DH5)} -> 2.0496 | DJ5: =DE4/2/DI5 -> 0.065866511 | DK5: =FLOOR(10000*DJ5*MAX(DP$17*2.5,DP$18*2.5,DP$19*0.5,DP$20*3.125),1) -> 31260 | DL5: =DO$1/(DK5/10000) -> 230.3263 | DN5: 橙食材价格 | DO5: =属性晨星性价比!B6 -> 45 | DR5: 生命值 | DS5: =属性晨星性价比!C21 -> 75.3 | DT5: =DS5/DR$2 -> 60.725806 | EC5: 2 | ED5: 30 | EE5: 0.05 | EF5: 9 | EG5: =(4*EF5+2*($EY5-EF5))*ED5 -> 2580 | EH5: =EF5*EE5 -> 0.45 | EI5: 30 | EJ5: 0.05 | EK5: 8 | EL5: =(4*EK5+2*($EY5-EK5))*EI5 -> 2520 | EM5: =EK5*EJ5 -> 0.4 | EN5: 150 | EO5: 0.05 | EP5: 7 | EQ5: =(4*EP5+2*($EY5-EP5))*EN5 -> 12300 | ER5: =EP5*EO5 -> 0.35 | ES5: 24 | ET5: 0.05 | EU5: 8 | EV5: =(4*EU5+2*($EY5-EU5))*ES5 -> 2016 | EW5: =EU5*ET5 -> 0.4 | EX5: 2 | EY5: =EF5+EK5+EP5+EU5+EX5 -> 34 | FB5: 3 | FC5: 1200 | FD5: =SUM($FC$3:FC5) -> 3150 | FL5: 紫色 | FM5: 每抽碎片 | FN5: =FN3*3+FO3*30 -> 0.6309 | FO5: 每碎片价格 | FP5: =80/FN5 -> 126.80298 | FQ5: 战力倍率 | FR5: =VLOOKUP(FR1,FW1:FX4,2,0) -> 2.5 | FT5: 4星 | FU5: 1.8
J6: =K6*2250-IF(K6<$R$1,0,$R$2)+IF($P$1="是",IF(K6<$P$2,0,1000),0) -> 11250 | K6: 5 | L6: =K6*7+1 -> 36 | M6: 自选奇迹遗物·泽 | N6: =IF($P$1="是",IF(K6<$P$2,M6,IF(K6=$P$2,M7,IF(K6=$P$2+1,M9,M6)))) -> 自选奇迹遗物·泽 | V6: 角色等级 | W6: 装备强化等级 | X6: 技能强化等级 | Y6: 古遗物强化等级 | Z6: 幻兽等级 | AA6: 转化系数 | AB6: 固定原初 | AD6: 5 | AE6: 16 | AF6: =AF5+AE6 -> 56 | AG6: 副本掉落装备升华率 | AH6: 0.03 | AI6: =COUNTIF(AG$1:AG6,AG6)*AH6 -> 0.06 | AU6: 4 | AV6: 90 | AW6: 4 | AX6: 90 | AY6: 4 | AZ6: 90 | BB6: 当前经验 | BC6: =#REF! -> #REF! | BI6: 羽国 | BJ6: 5 | BK6: 0 | BL6: 2 | BM6: 2 | BN6: 2 | BO6: 5 | BR6: 历战精华 | BS6: 8 | BT6: =$BS$2*BS6 -> 0.008 | BZ6: 165 | CA6: =CA5+260 -> 27040 | CB6: =CA6*2 -> 54080 | CC6: =CA6*$BT$5+CB6*$BS$2 -> 324.48 | CD6: =CC6/14*13 -> 301.30286 | CE6: =(CA6/$BS$14*5+CB6/$BS$13*5)/14*13 -> 57.419894 | CG6: 165 | CH6: =CH5+195 -> 19995 | CI6: 0 | CJ6: =CH6*$BT$6+CI6*$BS$2 -> 159.96 | CK6: =CJ6/5*13 -> 415.896 | CL6: =(CH6/$BS$15*5+CI6/$BS$13*5)/5*13 -> 86.645 | CN6: 21 | CO6: 80500 | CP6: =CP5+10350 -> 144900 | CQ6: =CO6*$BT$7+CP6*$BS$2 -> 1110.9 | CR6: =CQ6/26*13 -> 555.45 | CS6: =(CO6/$BS$16*5+CP6/$BS$13*5)/26*13 -> 105.85323 | CU6: 165 | CV6: 191550 | CW6: 0 | CX6: =CV6*$BT$8+CW6*$BS$2 -> 383.1 | CY6: =CX6/6*13 -> 830.05 | DD6: 8 | DE6: =1.5*DE5 -> 0.6075 | DF6: 0.18 | DG6: 0.2 | DH6: 6 | DI6: {=IF(DH6=1,1,SUM(_xlfn.SEQUENCE(DH6-1)*(1-DF6)^(_xlfn.SEQUENCE(DH6-1)-1)*DF6)+(1-DF6)^(DH6-1)*DH6)} -> 3.8666296 | DJ6: =DE5/2/DI6 -> 0.052371192 | DK6: =FLOOR(10000*DJ6*MAX(DP$17*2.5,DP$18*2.5,DP$19*0.5,DP$20*3.125),1) -> 24855 | DL6: =DO$1/(DK6/10000) -> 289.68014 | DN6: 蓝肉价格 | DO6: =属性晨星性价比!B7 -> 40 | DR6: 速度 | DS6: =属性晨星性价比!C22 -> 12 | DT6: =DS6/DR$2 -> 9.6774194 | EC6: 3 | ED6: 36 | EE6: 0.05 | EF6: 6 | EG6: =(4*EF6+2*($EY6-EF6))*ED6 -> 2880 | EH6: =EF6*EE6 -> 0.3 | EI6: 36 | EJ6: 0.05 | EK6: 9 | EL6: =(4*EK6+2*($EY6-EK6))*EI6 -> 3096 | EM6: =EK6*EJ6 -> 0.45 | EN6: 180 | EO6: 0.05 | EP6: 9 | EQ6: =(4*EP6+2*($EY6-EP6))*EN6 -> 15480 | ER6: =EP6*EO6 -> 0.45 | ES6: 28 | ET6: 0.05 | EU6: 8 | EV6: =(4*EU6+2*($EY6-EU6))*ES6 -> 2352 | EW6: =EU6*ET6 -> 0.4 | EX6: 2 | EY6: =EF6+EK6+EP6+EU6+EX6 -> 34 | FB6: 4 | FC6: 1350 | FD6: =SUM($FC$3:FC6) -> 4500 | FQ6: 基准战力 | FR6: =FR3/FR4*FR5*10000 -> 39250 | FT6: 5星 | FU6: 2
J7: =K7*2250-IF(K7<$R$1,0,$R$2)+IF($P$1="是",IF(K7<$P$2,0,1000),0) -> 13500 | K7: 6 | L7: =K7*7+1 -> 43 | M7: 幸运神像 | N7: =IF($P$1="是",IF(K7<$P$2,M7,IF(K7=$P$2,M8,IF(K7=$P$2+1,M10,M7)))) -> 幸运神像 | O7: 合服调整 | P7: 损失天数 | Q7: 本应持续天数 | R7: 实际天数 | V7: 100 | W7: 18 | X7: 7 | Y7: 33 | Z7: 8 | AA7: 27 | AB7: 45 | AD7: 6 | AE7: 16 | AF7: =AF6+AE7 -> 72 | AG7: 宝石获取率 | AH7: 0.05 | AI7: =COUNTIF(AG$1:AG7,AG7)*AH7 -> 0.1 | AK7: 羽国选中原初之星数量 | AL7: 羽国原初档位 | AM7: 副本掉落装备升华率 | AN7: 宝石获取率 | AO7: 副本评价奖励翻倍概率 | AP7: 经验获取加成 | AU7: 5 | AV7: 90 | AW7: 5 | AX7: 90 | AY7: 5 | AZ7: 90 | BB7: 每小时经验 | BC7: =#REF! -> #REF! | BR7: 时之沙 | BS7: 12 | BT7: =$BS$2*BS7 -> 0.012 | BZ7: 166 | CA7: =CA6+260 -> 27300 | CB7: =CA7*2 -> 54600 | CC7: =CA7*$BT$5+CB7*$BS$2 -> 327.6 | CD7: =CC7/14*13 -> 304.2 | CE7: =(CA7/$BS$14*5+CB7/$BS$13*5)/14*13 -> 57.972009 | CG7: 166 | CH7: =CH6+190 -> 20185 | CI7: 0 | CJ7: =CH7*$BT$6+CI7*$BS$2 -> 161.48 | CK7: =CJ7/5*13 -> 419.848 | CL7: =(CH7/$BS$15*5+CI7/$BS$13*5)/5*13 -> 87.468333 | CN7: 22 | CO7: 86250 | CP7: =CP6+10350 -> 155250 | CQ7: =CO7*$BT$7+CP7*$BS$2 -> 1190.25 | CR7: =CQ7/26*13 -> 595.125 | CS7: =(CO7/$BS$16*5+CP7/$BS$13*5)/26*13 -> 113.41417 | CU7: 166 | CV7: 195100 | CW7: 0 | CX7: =CV7*$BT$8+CW7*$BS$2 -> 390.2 | CY7: =CX7/6*13 -> 845.43333 | DD7: 9 | DE7: =1.5*DE6 -> 0.91125 | DF7: 0.08 | DG7: 0.0909 | DH7: 12 | DI7: {=IF(DH7=1,1,SUM(_xlfn.SEQUENCE(DH7-1)*(1-DF7)^(_xlfn.SEQUENCE(DH7-1)-1)*DF7)+(1-DF7)^(DH7-1)*DH7)} -> 7.9041702 | DJ7: =DE6/2/DI7 -> 0.038429082 | DK7: =FLOOR(10000*DJ7*MAX(DP$17*2.5,DP$18*2.5,DP$19*0.5,DP$20*3.125),1) -> 18238 | DL7: =DO$1/(DK7/10000) -> 394.78013 | DN7: 紫肉价格 | DO7: =属性晨星性价比!B8 -> 40 | EC7: 4 | ED7: 42 | EE7: 0.05 | EF7: 9 | EG7: =(4*EF7+2*($EY7-EF7))*ED7 -> 3612 | EH7: =EF7*EE7 -> 0.45 | EI7: 42 | EJ7: 0.05 | EK7: 8 | EL7: =(4*EK7+2*($EY7-EK7))*EI7 -> 3528 | EM7: =EK7*EJ7 -> 0.4 | EN7: 210 | EO7: 0.05 | EP7: 8 | EQ7: =(4*EP7+2*($EY7-EP7))*EN7 -> 17640 | ER7: =EP7*EO7 -> 0.4 | ES7: 33 | ET7: 0.05 | EU7: 7 | EV7: =(4*EU7+2*($EY7-EU7))*ES7 -> 2706 | EW7: =EU7*ET7 -> 0.35 | EX7: 2 | EY7: =EF7+EK7+EP7+EU7+EX7 -> 34 | FB7: 5 | FC7: 1500 | FD7: =SUM($FC$3:FC7) -> 6000 | FT7: 觉醒 | FU7: 4
J8: =K8*2250-IF(K8<$R$1,0,$R$2)+IF($P$1="是",IF(K8<$P$2,0,1000),0) -> 15750 | K8: 7 | L8: =K8*7+1 -> 50 | M8: 4阶技能碎片*180 | N8: =IF($P$1="是",IF(K8<$P$2,M8,IF(K8=$P$2,M9,IF(K8=$P$2+1,M11,M8)))) -> 4阶技能碎片*180 | O8: 山国 | P8: =秘宝大作战!F1 -> 0 | Q8: 11 | V8: 羽国数据 | AD8: 7 | AE8: 16 | AF8: =AF7+AE8 -> 88 | AG8: 副本评价奖励翻倍概率 | AH8: 0.02 | AI8: =COUNTIF(AG$1:AG8,AG8)*AH8 -> 0.04 | AK8: =羽国星象合约计算器!H2 -> 3440 | AL8: =MATCH(AK8,$AF$2:$AF$65,1) -> 52 | AM8: =VLOOKUP(IF(MOD(AL8,4)<1,AL8-MOD(AL8,4)-3,AL8-MOD(AL8,4)+1),$AD$2:$AI$65,6,FALSE) -> 0.39 | AN8: =VLOOKUP(IF(MOD(AL8,4)<2,AL8-MOD(AL8,4)-2,AL8-MOD(AL8,4)+2),$AD$2:$AI$65,6,FALSE) -> 0.65 | AO8: =VLOOKUP(IF(MOD(AL8,4)<3,AL8-MOD(AL8,4)-1,AL8-MOD(AL8,4)+3),$AD$2:$AI$65,6,FALSE) -> 0.26 | AP8: =VLOOKUP(IF(MOD(AL8,4)<4,AL8-MOD(AL8,4),AL8-MOD(AL8,4)+4),$AD$2:$AI$65,6,FALSE) -> 0.26 | AU8: 6 | AV8: 90 | AW8: 6 | AX8: 90 | AY8: 6 | AZ8: 90 | BB8: 总经验缺口 | BC8: =BE4-BC6 -> #REF! | BR8: 幻兽经验 | BS8: 2 | BT8: =$BS$2*BS8 -> 0.002 | BZ8: 167 | CA8: =CA7+260 -> 27560 | CB8: =CA8*2 -> 55120 | CC8: =CA8*$BT$5+CB8*$BS$2 -> 330.72 | CD8: =CC8/14*13 -> 307.09714 | CE8: =(CA8/$BS$14*5+CB8/$BS$13*5)/14*13 -> 58.524123 | CG8: 167 | CH8: =CH7+195 -> 20380 | CI8: 0 | CJ8: =CH8*$BT$6+CI8*$BS$2 -> 163.04 | CK8: =CJ8/5*13 -> 423.904 | CL8: =(CH8/$BS$15*5+CI8/$BS$13*5)/5*13 -> 88.313333 | CN8: 23 | CO8: 92000 | CP8: =CP7+10350 -> 165600 | CQ8: =CO8*$BT$7+CP8*$BS$2 -> 1269.6 | CR8: =CQ8/26*13 -> 634.8 | CS8: =(CO8/$BS$16*5+CP8/$BS$13*5)/26*13 -> 120.97512 | CU8: 167 | CV8: 198650 | CW8: 0 | CX8: =CV8*$BT$8+CW8*$BS$2 -> 397.3 | CY8: =CX8/6*13 -> 860.81667 | DD8: 10 | DE8: =1.5*DE7 -> 1.366875 | DF8: 0.04 | DG8: 0.0435 | DH8: 24 | DI8: {=IF(DH8=1,1,SUM(_xlfn.SEQUENCE(DH8-1)*(1-DF8)^(_xlfn.SEQUENCE(DH8-1)-1)*DF8)+(1-DF8)^(DH8-1)*DH8)} -> 15.614669 | DJ8: =DE7/2/DI8 -> 0.029179293 | DK8: =FLOOR(10000*DJ8*MAX(DP$17*2.5,DP$18*2.5,DP$19*0.5,DP$20*3.125),1) -> 13848 | DL8: =DO$1/(DK8/10000) -> 519.93068 | DN8: 橙肉价格 | DO8: =属性晨星性价比!B9 -> 45 | EC8: 5 | ED8: 42 | EE8: 0.05 | EF8: 9 | EG8: =(4*EF8+2*($EY8-EF8))*ED8 -> 3612 | EH8: =EF8*EE8 -> 0.45 | EI8: 42 | EJ8: 0.05 | EK8: 8 | EL8: =(4*EK8+2*($EY8-EK8))*EI8 -> 3528 | EM8: =EK8*EJ8 -> 0.4 | EN8: 210 | EO8: 0.05 | EP8: 8 | EQ8: =(4*EP8+2*($EY8-EP8))*EN8 -> 17640 | ER8: =EP8*EO8 -> 0.4 | ES8: 33 | ET8: 0.05 | EU8: 7 | EV8: =(4*EU8+2*($EY8-EU8))*ES8 -> 2706 | EW8: =EU8*ET8 -> 0.35 | EX8: 2 | EY8: =EF8+EK8+EP8+EU8+EX8 -> 34 | FB8: 6 | FC8: 1530 | FD8: =SUM($FC$3:FC8) -> 7530
J9: =K9*2250-IF(K9<$R$1,0,$R$2)+IF($P$1="是",IF(K9<$P$2,0,1000),0) -> 18000 | K9: 8 | L9: =K9*7+1 -> 57 | M9: 原初宝石 | N9: =IF($P$1="是",IF(K9<$P$2,M9,IF(K9=$P$2,M10,IF(K9=$P$2+1,M12,M9)))) -> 原初宝石 | O9: 泽国 | P9: =秘宝大作战!H1 -> -1 | Q9: 35 | R9: =Q8+1+P8 -> 12 | V9: 角色等级 | W9: 装备强化等级 | X9: 技能强化等级 | Y9: 古遗物强化等级 | Z9: 幻兽等级 | AA9: 转化系数 | AB9: 固定原初 | AD9: 8 | AE9: 16 | AF9: =AF8+AE9 -> 104 | AG9: 经验获取加成 | AH9: 0.02 | AI9: =COUNTIF(AG$1:AG9,AG9)*AH9 -> 0.04 | AU9: 7 | AV9: 90 | AW9: 7 | AX9: 90 | AY9: 7 | AZ9: 90 | BB9: 加速次数 | BC9: =#REF! -> #REF! | BZ9: 168 | CA9: =CA8+260 -> 27820 | CB9: =CA9*2 -> 55640 | CC9: =CA9*$BT$5+CB9*$BS$2 -> 333.84 | CD9: =CC9/14*13 -> 309.99429 | CE9: =(CA9/$BS$14*5+CB9/$BS$13*5)/14*13 -> 59.076238 | CG9: 168 | CH9: =CH8+190 -> 20570 | CI9: 0 | CJ9: =CH9*$BT$6+CI9*$BS$2 -> 164.56 | CK9: =CJ9/5*13 -> 427.856 | CL9: =(CH9/$BS$15*5+CI9/$BS$13*5)/5*13 -> 89.136667 | CN9: 24 | CO9: 97750 | CP9: =CP8+10350 -> 175950 | CQ9: =CO9*$BT$7+CP9*$BS$2 -> 1348.95 | CR9: =CQ9/26*13 -> 674.475 | CS9: =(CO9/$BS$16*5+CP9/$BS$13*5)/26*13 -> 128.53606 | CU9: 168 | CV9: 202200 | CW9: 0 | CX9: =CV9*$BT$8+CW9*$BS$2 -> 404.4 | CY9: =CX9/6*13 -> 876.2 | DD9: 11 | DE9: =1.5*DE8 -> 2.0503125 | DF9: 1 | DG9: 1 | DH9: 1 | DI9: =SUM(DI3:DI8) -> 31.435069 | DJ9: =DE8/2/DI9 -> 0.021741244 | DK9: =FLOOR(10000*DJ9*MAX(DP$17*2.5,DP$18*2.5,DP$19*0.5,DP$20*3.125),1) -> 10318 | DL9: =DO$1/(DK9/10000) -> 697.80965 | EC9: 6 | ED9: 48 | EE9: 0.05 | EF9: 8 | EG9: =(4*EF9+2*($EY9-EF9))*ED9 -> 4032 | EH9: =EF9*EE9 -> 0.4 | EI9: 48 | EJ9: 0.05 | EK9: 8 | EL9: =(4*EK9+2*($EY9-EK9))*EI9 -> 4032 | EM9: =EK9*EJ9 -> 0.4 | EN9: 240 | EO9: 0.05 | EP9: 9 | EQ9: =(4*EP9+2*($EY9-EP9))*EN9 -> 20640 | ER9: =EP9*EO9 -> 0.45 | ES9: 38 | ET9: 0.05 | EU9: 7 | EV9: =(4*EU9+2*($EY9-EU9))*ES9 -> 3116 | EW9: =EU9*ET9 -> 0.35 | EX9: 2 | EY9: =EF9+EK9+EP9+EU9+EX9 -> 34 | FB9: 7 | FC9: 1560 | FD9: =SUM($FC$3:FC9) -> 9090
J10: =K10*2250-IF(K10<$R$1,0,$R$2)+IF($P$1="是",IF(K10<$P$2,0,1000),0) -> 20250 | K10: 9 | L10: =K10*7+1 -> 64 | M10: 自选奇迹遗物·龙I | N10: =IF($P$1="是",IF(K10<$P$2,M10,IF(K10=$P$2,M11,IF(K10=$P$2+1,M13,M10)))) -> 自选奇迹遗物·龙I | O10: 龙国 | P10: =秘宝大作战!J1 -> -1 | Q10: 67 | R10: =Q9+P9+R9 -> 46 | V10: 100 | W10: 14 | X10: 5 | Y10: 26 | Z10: 6 | AA10: 13 | AB10: 65 | AD10: 9 | AE10: 24 | AF10: =AF9+AE10 -> 128 | AG10: 副本掉落装备升华率 | AH10: 0.03 | AI10: =COUNTIF(AG$1:AG10,AG10)*AH10 -> 0.09 | AK10: 哈帕迪选中原初之星数量 | AL10: 羽国原初档位 | AM10: 副本掉落装备升华率 | AN10: 宝石获取率 | AO10: 副本评价奖励翻倍概率 | AP10: 经验获取加成 | AU10: 8 | AV10: 90 | AW10: 8 | AX10: 90 | AY10: 8 | AZ10: 90 | BB10: 加速石头次数 | BC10: =#REF! -> #REF! | BZ10: 169 | CA10: =CA9+260 -> 28080 | CB10: =CA10*2 -> 56160 | CC10: =CA10*$BT$5+CB10*$BS$2 -> 336.96 | CD10: =CC10/14*13 -> 312.89143 | CE10: =(CA10/$BS$14*5+CB10/$BS$13*5)/14*13 -> 59.628352 | CG10: 169 | CH10: =CH9+195 -> 20765 | CI10: 0 | CJ10: =CH10*$BT$6+CI10*$BS$2 -> 166.12 | CK10: =CJ10/5*13 -> 431.912 | CL10: =(CH10/$BS$15*5+CI10/$BS$13*5)/5*13 -> 89.981667 | CN10: 25 | CO10: 103500 | CP10: =CP9+10350 -> 186300 | CQ10: =CO10*$BT$7+CP10*$BS$2 -> 1428.3 | CR10: =CQ10/26*13 -> 714.15 | CS10: =(CO10/$BS$16*5+CP10/$BS$13*5)/26*13 -> 136.09701 | CU10: 169 | CV10: 205750 | CW10: 0 | CX10: =CV10*$BT$8+CW10*$BS$2 -> 411.5 | CY10: =CX10/6*13 -> 891.58333 | DD10: 12 | DE10: =1.5*DE9 -> 3.0754688 | DF10: 0.36 | DG10: 0.5 | DH10: 3 | DI10: {=IF(DH10=1,$DI$9,$DI$9*(SUM(_xlfn.SEQUENCE(DH10-1)*(1-DF10)^(_xlfn.SEQUENCE(DH10-1)-1)*DF10)+(1-DF10)^(DH10-1)*DH10))} -> 64.429317 | DJ10: =DE9/2/DI10 -> 0.015911332 | DK10: =FLOOR(10000*DJ10*MAX(DP$17*2.5,DP$18*2.5,DP$19*0.5,DP$20*3.125),1) -> 7551 | DL10: =DO$1/(DK10/10000) -> 953.51609 | EC10: 7 | ED10: 48 | EE10: 0.05 | EF10: 9 | EG10: =(4*EF10+2*($EY10-EF10))*ED10 -> 4128 | EH10: =EF10*EE10 -> 0.45 | EI10: 48 | EJ10: 0.05 | EK10: 6 | EL10: =(4*EK10+2*($EY10-EK10))*EI10 -> 3840 | EM10: =EK10*EJ10 -> 0.3 | EN10: 240 | EO10: 0.05 | EP10: 9 | EQ10: =(4*EP10+2*($EY10-EP10))*EN10 -> 20640 | ER10: =EP10*EO10 -> 0.45 | ES10: 38 | ET10: 0.05 | EU10: 8 | EV10: =(4*EU10+2*($EY10-EU10))*ES10 -> 3192 | EW10: =EU10*ET10 -> 0.4 | EX10: 2 | EY10: =EF10+EK10+EP10+EU10+EX10 -> 34 | FB10: 8 | FC10: 1590 | FD10: =SUM($FC$3:FC10) -> 10680 | FM10: 蓝色 | FO10: 20 | FP10: 20 | FQ10: 40 | FR10: 60 | FS10: 80 | FT10: 100 | FU10: 120
A11: 期数 | B11: 能量盈亏 | C11: 能量缺口 | D11: 6元 | E11: 30元 | F11: 额外缺口 | J11: =K11*2250-IF(K11<$R$1,0,$R$2)+IF($P$1="是",IF(K11<$P$2,0,1000),0) -> 22350 | K11: 10 | L11: =K11*7+1 -> 71 | M11: 幸运神像 | N11: =IF($P$1="是",IF(K11<$P$2,M11,IF(K11=$P$2,M12,IF(K11=$P$2+1,M14,M11)))) -> 幸运神像 | O11: 羽国 | P11: =秘宝大作战!L1 -> -1 | Q11: 101 | R11: =Q10+P10+R10 -> 112 | V11: 哈帕迪数据 | AD11: 10 | AE11: 24 | AF11: =AF10+AE11 -> 152 | AG11: 宝石获取率 | AH11: 0.05 | AI11: =COUNTIF(AG$1:AG11,AG11)*AH11 -> 0.15 | AK11: =哈帕迪星象合约计算器!H2 -> 9080 | AL11: =MATCH(AK11,$AF$2:$AF$89,1) -> 80 | AM11: =VLOOKUP(IF(MOD(AL11,4)<1,AL11-MOD(AL11,4)-3,AL11-MOD(AL11,4)+1),$AD$2:$AI$89,6,FALSE) -> 0.6 | AN11: =VLOOKUP(IF(MOD(AL11,4)<2,AL11-MOD(AL11,4)-2,AL11-MOD(AL11,4)+2),$AD$2:$AI$89,6,FALSE) -> 1 | AO11: =VLOOKUP(IF(MOD(AL11,4)<3,AL11-MOD(AL11,4)-1,AL11-MOD(AL11,4)+3),$AD$2:$AI$89,6,FALSE) -> 0.4 | AP11: =VLOOKUP(IF(MOD(AL11,4)<4,AL11-MOD(AL11,4),AL11-MOD(AL11,4)+4),$AD$2:$AI$89,6,FALSE) -> 0.4 | AU11: 9 | AV11: 100 | AW11: 9 | AX11: 100 | AY11: 9 | AZ11: 100 | BB11: 剩余升级时间 | BC11: =BC8/BC7/24+BC2 -> #REF! | BZ11: 170 | CA11: =CA10+260 -> 28340 | CB11: =CA11*2 -> 56680 | CC11: =CA11*$BT$5+CB11*$BS$2 -> 340.08 | CD11: =CC11/14*13 -> 315.78857 | CE11: =(CA11/$BS$14*5+CB11/$BS$13*5)/14*13 -> 60.180466 | CG11: 170 | CH11: =CH10+190 -> 20955 | CI11: 0 | CJ11: =CH11*$BT$6+CI11*$BS$2 -> 167.64 | CK11: =CJ11/5*13 -> 435.864 | CL11: =(CH11/$BS$15*5+CI11/$BS$13*5)/5*13 -> 90.805 | CN11: 26 | CO11: 109250 | CP11: =CP10+10350 -> 196650 | CQ11: =CO11*$BT$7+CP11*$BS$2 -> 1507.65 | CR11: =CQ11/26*13 -> 753.825 | CS11: =(CO11/$BS$16*5+CP11/$BS$13*5)/26*13 -> 143.65795 | CU11: 170 | CV11: 209300 | CW11: 0 | CX11: =CV11*$BT$8+CW11*$BS$2 -> 418.6 | CY11: =CX11/6*13 -> 906.96667 | DD11: 13 | DE11: =1.5*DE10 -> 4.6132031 | DF11: 0.18 | DG11: 0.2 | DH11: 6 | DI11: {=IF(DH11=1,$DI$9,$DI$9*(SUM(_xlfn.SEQUENCE(DH11-1)*(1-DF11)^(_xlfn.SEQUENCE(DH11-1)-1)*DF11)+(1-DF11)^(DH11-1)*DH11))} -> 121.54777 | DJ11: =DE10/2/DI11 -> 0.012651276 | DK11: =FLOOR(10000*DJ11*MAX(DP$17*2.5,DP$18*2.5,DP$19*0.5,DP$20*3.125),1) -> 6004 | DL11: =DO$1/(DK11/10000) -> 1199.2005 | EC11: 8 | ED11: 48 | EE11: 0.05 | EF11: 8 | EG11: =(4*EF11+2*($EY11-EF11))*ED11 -> 4032 | EH11: =EF11*EE11 -> 0.4 | EI11: 48 | EJ11: 0.05 | EK11: 9 | EL11: =(4*EK11+2*($EY11-EK11))*EI11 -> 4128 | EM11: =EK11*EJ11 -> 0.45 | EN11: 240 | EO11: 0.05 | EP11: 7 | EQ11: =(4*EP11+2*($EY11-EP11))*EN11 -> 19680 | ER11: =EP11*EO11 -> 0.35 | ES11: 38 | ET11: 0.05 | EU11: 8 | EV11: =(4*EU11+2*($EY11-EU11))*ES11 -> 3192 | EW11: =EU11*ET11 -> 0.4 | EX11: 2 | EY11: =EF11+EK11+EP11+EU11+EX11 -> 34 | FB11: 9 | FC11: 1620 | FD11: =SUM($FC$3:FC11) -> 12300 | FG11: 橙首饰 | FH11: 紫首饰 | FI11: 蓝首饰 | FN11: 战力差 | FO11: =$FR$6 -> 39250 | FP11: =0.2*$FR$6 -> 7850 | FQ11: =0.2*$FR$6 -> 7850 | FR11: =0.2*$FR$6 -> 7850 | FS11: =0.2*$FR$6 -> 7850 | FT11: =0.2*$FR$6 -> 7850 | FU11: =2*$FR$6 -> 78500
A12: 1 | B12: =秘宝大作战!D3-秘宝大作战!H3 -> -990 | C12: =IF(B12<0,-B12,0) -> 990 | D12: =IF(C12>0,A12*2*60,0) -> 120 | E12: =IF(C12>0,A12*2*300,0) -> 600 | F12: =IF(C12-D12-E12>0,C12-D12-E12,0) -> 270 | J12: =K12*2250-IF(K12<$R$1,0,$R$2)+IF($P$1="是",IF(K12<$P$2,0,1000),0) -> 24600 | K12: 11 | L12: =K12*7+1 -> 78 | M12: 4阶技能碎片*180 | N12: =IF($P$1="是",IF(K12<$P$2,M12,IF(K12=$P$2,M13,IF(K12=$P$2+1,M15,M12)))) -> 4阶技能碎片*180 | O12: 哈帕迪 | P12: =秘宝大作战!N1 -> -4 | R12: =Q11+P11+R11 -> 212 | V12: 角色等级 | W12: 装备强化等级 | X12: 技能强化等级 | Y12: 古遗物强化等级 | Z12: 幻兽等级 | AA12: 转化系数 | AB12: 固定原初 | AD12: 11 | AE12: 24 | AF12: =AF11+AE12 -> 176 | AG12: 副本评价奖励翻倍概率 | AH12: 0.02 | AI12: =COUNTIF(AG$1:AG12,AG12)*AH12 -> 0.06 | AU12: 10 | AV12: 350 | AW12: 10 | AX12: 350 | AY12: 10 | AZ12: 350 | BB12: 加速后升级时间 | BC12: =(BC8/BC7-(BC9+BC10)*2)/24+BC2 -> #REF! | BS12: 5体力产出 | BZ12: 171 | CA12: =CA11+260 -> 28600 | CB12: =CA12*2 -> 57200 | CC12: =CA12*$BT$5+CB12*$BS$2 -> 343.2 | CD12: =CC12/14*13 -> 318.68571 | CE12: =(CA12/$BS$14*5+CB12/$BS$13*5)/14*13 -> 60.732581 | CG12: 171 | CH12: =CH11+195 -> 21150 | CI12: 0 | CJ12: =CH12*$BT$6+CI12*$BS$2 -> 169.2 | CK12: =CJ12/5*13 -> 439.92 | CL12: =(CH12/$BS$15*5+CI12/$BS$13*5)/5*13 -> 91.65 | CN12: 27 | CO12: 115000 | CP12: =CP11+10350 -> 207000 | CQ12: =CO12*$BT$7+CP12*$BS$2 -> 1587 | CR12: =CQ12/26*13 -> 793.5 | CS12: =(CO12/$BS$16*5+CP12/$BS$13*5)/26*13 -> 151.2189 | CU12: 171 | CV12: 212850 | CW12: 0 | CX12: =CV12*$BT$8+CW12*$BS$2 -> 425.7 | CY12: =CX12/6*13 -> 922.35 | DD12: 14 | DE12: =1.5*DE11 -> 6.9198047 | DF12: 0.08 | DG12: 0.0909 | DH12: 12 | DI12: {=IF(DH12=1,$DI$9,$DI$9*(SUM(_xlfn.SEQUENCE(DH12-1)*(1-DF12)^(_xlfn.SEQUENCE(DH12-1)-1)*DF12)+(1-DF12)^(DH12-1)*DH12))} -> 248.46813 | DJ12: =DE11/2/DI12 -> 0.0092832894 | DK12: =FLOOR(10000*DJ12*MAX(DP$17*2.5,DP$18*2.5,DP$19*0.5,DP$20*3.125),1) -> 4405 | DL12: =DO$1/(DK12/10000) -> 1634.5062 | FB12: 10 | FC12: 1680 | FD12: =SUM($FC$3:FC12) -> 13980 | FF12: 已囤礼物 | FG12: 0 | FH12: 0 | FI12: 0 | FN12: 每碎片战力 | FO12: =FO11/FO10 -> 1962.5 | FP12: =FP11/FP10 -> 392.5 | FQ12: =FQ11/FQ10 -> 196.25 | FR12: =FR11/FR10 -> 130.83333 | FS12: =FS11/FS10 -> 98.125 | FT12: =FT11/FT10 -> 78.5 | FU12: =FU11/FU10 -> 654.16667
A13: 2 | B13: =秘宝大作战!D4-秘宝大作战!H4 -> -1980 | C13: =IF(B13<0,-B13,0) -> 1980 | D13: =IF(C13>0,A13*2*60,0) -> 240 | E13: =IF(C13>0,A13*2*300,0) -> 1200 | F13: =IF(C13-D13-E13>0,C13-D13-E13,0) -> 540 | J13: =K13*2250-IF(K13<$R$1,0,$R$2)+IF($P$1="是",IF(K13<$P$2,0,1000),0) -> 26850 | K13: 12 | L13: =K13*7+1 -> 85 | M13: 原初宝石 | N13: =IF($P$1="是",IF(K13<$P$2,M13,IF(K13=$P$2,M14,IF(K13=$P$2+1,M16,M13)))) -> 原初宝石 | V13: 100 | W13: 17 | X13: 5 | Y13: 28 | Z13: 11 | AA13: 7 | AB13: 120 | AD13: 12 | AE13: 24 | AF13: =AF12+AE13 -> 200 | AG13: 经验获取加成 | AH13: 0.02 | AI13: =COUNTIF(AG$1:AG13,AG13)*AH13 -> 0.06 | AU13: 11 | AV13: 355 | AW13: 11 | AX13: 355 | AY13: 11 | AZ13: 355 | BR13: 金币 | BS13: =24000*(1+0.0932) -> 26236.8 | BZ13: 172 | CA13: =CA12+260 -> 28860 | CB13: =CA13*2 -> 57720 | CC13: =CA13*$BT$5+CB13*$BS$2 -> 346.32 | CD13: =CC13/14*13 -> 321.58286 | CE13: =(CA13/$BS$14*5+CB13/$BS$13*5)/14*13 -> 61.284695 | CG13: 172 | CH13: =CH12+190 -> 21340 | CI13: 0 | CJ13: =CH13*$BT$6+CI13*$BS$2 -> 170.72 | CK13: =CJ13/5*13 -> 443.872 | CL13: =(CH13/$BS$15*5+CI13/$BS$13*5)/5*13 -> 92.473333 | CN13: 28 | CO13: 120750 | CP13: =CP12+10350 -> 217350 | CQ13: =CO13*$BT$7+CP13*$BS$2 -> 1666.35 | CR13: =CQ13/26*13 -> 833.175 | CS13: =(CO13/$BS$16*5+CP13/$BS$13*5)/26*13 -> 158.77984 | CU13: 172 | CV13: 216400 | CW13: 0 | CX13: =CV13*$BT$8+CW13*$BS$2 -> 432.8 | CY13: =CX13/6*13 -> 937.73333 | FB13: 11 | FC13: 1740 | FD13: =SUM($FC$3:FC13) -> 15720 | FF13: 已囤首饰类经验 | FI13: =FG12*3000+FH12*1000+FI12*200 -> 0 | FN13: 1w战力价格 | FO13: =10000/FO12*$FP$4 -> 86.760309 | FP13: =10000/FP12*$FP$4 -> 433.80155 | FQ13: =10000/FQ12*$FP$4 -> 867.60309 | FR13: =10000/FR12*$FP$4 -> 1301.4046 | FS13: =10000/FS12*$FP$4 -> 1735.2062 | FT13: =10000/FT12*$FP$4 -> 2169.0077 | FU13: =10000/FU12*$FP$4 -> 260.28093
A14: 3 | B14: =秘宝大作战!D5-秘宝大作战!H5 -> -2970 | C14: =IF(B14<0,-B14,0) -> 2970 | D14: =IF(C14>0,A14*2*60,0) -> 360 | E14: =IF(C14>0,A14*2*300,0) -> 1800 | F14: =IF(C14-D14-E14>0,C14-D14-E14,0) -> 810 | J14: =K14*2250-IF(K14<$R$1,0,$R$2)+IF($P$1="是",IF(K14<$P$2,0,1000),0) -> 29100 | K14: 13 | L14: =K14*7+1 -> 92 | M14: 自选奇迹遗物·龙II | N14: =IF($P$1="是",IF(K14<$P$2,M14,IF(K14=$P$2,M15,IF(K14=$P$2+1,M17,M14)))) -> 自选奇迹遗物·龙II | AD14: 13 | AE14: 30 | AF14: =AF13+AE14 -> 230 | AG14: 副本掉落装备升华率 | AH14: 0.03 | AI14: =COUNTIF(AG$1:AG14,AG14)*AH14 -> 0.12 | AU14: 12 | AV14: 360 | AW14: 12 | AX14: 360 | AY14: 12 | AZ14: 360 | BR14: 粗练石 | BS14: =2400*(1+0.0932) -> 2623.68 | BZ14: 173 | CA14: =CA13+260 -> 29120 | CB14: =CA14*2 -> 58240 | CC14: =CA14*$BT$5+CB14*$BS$2 -> 349.44 | CD14: =CC14/14*13 -> 324.48 | CE14: =(CA14/$BS$14*5+CB14/$BS$13*5)/14*13 -> 61.836809 | CG14: 173 | CH14: =CH13+195 -> 21535 | CI14: 0 | CJ14: =CH14*$BT$6+CI14*$BS$2 -> 172.28 | CK14: =CJ14/5*13 -> 447.928 | CL14: =(CH14/$BS$15*5+CI14/$BS$13*5)/5*13 -> 93.318333 | CN14: 29 | CO14: 126500 | CP14: =CP13+10350 -> 227700 | CQ14: =CO14*$BT$7+CP14*$BS$2 -> 1745.7 | CR14: =CQ14/26*13 -> 872.85 | CS14: =(CO14/$BS$16*5+CP14/$BS$13*5)/26*13 -> 166.34079 | CU14: 173 | CV14: 219950 | CW14: 0 | CX14: =CV14*$BT$8+CW14*$BS$2 -> 439.9 | CY14: =CX14/6*13 -> 953.11667 | DD14: 幻兽 | FB14: 12 | FC14: 1800 | FD14: =SUM($FC$3:FC14) -> 17520 | FF14: 朵菈当前等级 | FG14: 81 | FH14: 好感度 | FI14: 3980 | FN14: 综合每碎片战力 | FO14: =(SUM(FO11:FU11)/SUM(FO10:FU10)) -> 356.81818
A15: 4 | B15: =秘宝大作战!D6-秘宝大作战!H6 -> -3960 | C15: =IF(B15<0,-B15,0) -> 3960 | D15: =IF(C15>0,A15*2*60,0) -> 480 | E15: =IF(C15>0,A15*2*300,0) -> 2400 | F15: =IF(C15-D15-E15>0,C15-D15-E15,0) -> 1080 | J15: =K15*2250-IF(K15<$R$1,0,$R$2)+IF($P$1="是",IF(K15<$P$2,0,1000),0) -> 31350 | K15: 14 | L15: =K15*7+1 -> 99 | M15: 幸运神像 | N15: =IF($P$1="是",IF(K15<$P$2,M15,IF(K15=$P$2,M16,IF(K15=$P$2+1,M18,M15)))) -> 幸运神像 | V15: 泽国计算 | AD15: 14 | AE15: 30 | AF15: =AF14+AE15 -> 260 | AG15: 宝石获取率 | AH15: 0.05 | AI15: =COUNTIF(AG$1:AG15,AG15)*AH15 -> 0.2 | AU15: 13 | AV15: 370 | AW15: 13 | AX15: 370 | AY15: 13 | AZ15: 370 | BR15: 历战精华 | BS15: 3000 | BZ15: 174 | CA15: =CA14+260 -> 29380 | CB15: =CA15*2 -> 58760 | CC15: =CA15*$BT$5+CB15*$BS$2 -> 352.56 | CD15: =CC15/14*13 -> 327.37714 | CE15: =(CA15/$BS$14*5+CB15/$BS$13*5)/14*13 -> 62.388924 | CG15: 174 | CH15: =CH14+190 -> 21725 | CI15: 0 | CJ15: =CH15*$BT$6+CI15*$BS$2 -> 173.8 | CK15: =CJ15/5*13 -> 451.88 | CL15: =(CH15/$BS$15*5+CI15/$BS$13*5)/5*13 -> 94.141667 | CN15: 30 | CO15: 132250 | CP15: =CP14+10350 -> 238050 | CQ15: =CO15*$BT$7+CP15*$BS$2 -> 1825.05 | CR15: =CQ15/26*13 -> 912.525 | CS15: =(CO15/$BS$16*5+CP15/$BS$13*5)/26*13 -> 173.90173 | CU15: 174 | CV15: 223500 | CW15: 0 | CX15: =CV15*$BT$8+CW15*$BS$2 -> 447 | CY15: =CX15/6*13 -> 968.5 | DD15: 蓝色 | FB15: 13 | FC15: 1860 | FD15: =SUM($FC$3:FC15) -> 19380 | FF15: 朵菈当前累计经验 | FI15: =VLOOKUP(FG14-1,FB3:FD101,3,0)+FI14 -> 398480 | FM15: 紫色 | FO15: 30 | FP15: 30 | FQ15: 60 | FR15: 90 | FS15: 120 | FT15: 150 | FU15: 180
A16: 5 | B16: =秘宝大作战!D7-秘宝大作战!H7 -> -6150 | C16: =IF(B16<0,-B16,0) -> 6150 | D16: =IF(C16>0,A16*2*60,0) -> 600 | E16: =IF(C16>0,A16*2*300,0) -> 3000 | F16: =IF(C16-D16-E16>0,C16-D16-E16,0) -> 2550 | J16: =K16*2250-IF(K16<$R$1,0,$R$2)+IF($P$1="是",IF(K16<$P$2,0,1000),0) -> 33600 | K16: 15 | L16: =K16*7+1 -> 106 | M16: 4阶技能碎片*180 | N16: =IF($P$1="是",IF(K16<$P$2,M16,IF(K16=$P$2,M17,IF(K16=$P$2+1,M19,M16)))) -> 4阶技能碎片*180 | V16: 角色等级 | W16: 装备强化等级 | X16: 技能强化等级 | Y16: 古遗物强化等级 | Z16: 幻兽等级 | AA16: 总分 | AD16: 15 | AE16: 30 | AF16: =AF15+AE16 -> 290 | AG16: 副本评价奖励翻倍概率 | AH16: 0.02 | AI16: =COUNTIF(AG$1:AG16,AG16)*AH16 -> 0.08 | AU16: 14 | AV16: 375 | AW16: 14 | AX16: 375 | AY16: 14 | AZ16: 375 | BR16: 时之沙 | BS16: =2000*(1+0.0932) -> 2186.4 | BZ16: 175 | CA16: =CA15+260 -> 29640 | CB16: =CA16*2 -> 59280 | CC16: =CA16*$BT$5+CB16*$BS$2 -> 355.68 | CD16: =CC16/14*13 -> 330.27429 | CE16: =(CA16/$BS$14*5+CB16/$BS$13*5)/14*13 -> 62.941038 | CG16: 175 | CH16: =CH15+195 -> 21920 | CI16: 0 | CJ16: =CH16*$BT$6+CI16*$BS$2 -> 175.36 | CK16: =CJ16/5*13 -> 455.936 | CL16: =(CH16/$BS$15*5+CI16/$BS$13*5)/5*13 -> 94.986667 | CN16: 31 | CO16: 138000 | CP16: =CP15+10350 -> 248400 | CQ16: =CO16*$BT$7+CP16*$BS$2 -> 1904.4 | CR16: =CQ16/26*13 -> 952.2 | CS16: =(CO16/$BS$16*5+CP16/$BS$13*5)/26*13 -> 181.46268 | CU16: 175 | CV16: 227050 | CW16: 0 | CX16: =CV16*$BT$8+CW16*$BS$2 -> 454.1 | CY16: =CX16/6*13 -> 983.88333 | DE16: 总固定属性战力 | DF16: 总常规属性战力 | DG16: 所需蓝材料 | DK16: 每1万战力所需晨星 | DN16: 职业属性 | DO16: 职业加成 | DP16: 实际属性 | EC16: 选择幻兽品质 | ED16: =幻兽同调计算器!C1 -> 奇迹 | EE16: =IF(ED16="奇迹",4/3,1) -> 1.3333333 | EF16: =IF(ED16="奇迹",1.2,1.1) -> 1.2 | EH16: 对比幻兽品质 | EI16: =幻兽同调计算器!H1 -> 传说 | EJ16: =IF(EI16="奇迹",4/3,1) -> 1 | EK16: =IF(EI16="奇迹",1.2,1.1) -> 1.1 | FB16: 14 | FC16: 1920 | FD16: =SUM($FC$3:FC16) -> 21300 | FF16: 朵菈100级已囤积进度 | FN16: 战力差 | FO16: =2*$FR$6 -> 78500 | FP16: =2*0.2*$FR$6 -> 15700 | FQ16: =2*0.2*$FR$6 -> 15700 | FR16: =2*0.2*$FR$6 -> 15700 | FS16: =2*0.2*$FR$6 -> 15700 | FT16: =2*0.2*$FR$6 -> 15700 | FU16: =2*2*$FR$6 -> 157000
A17: 6 | B17: =秘宝大作战!D8-秘宝大作战!H8 -> -7140 | C17: =IF(B17<0,-B17,0) -> 7140 | D17: =IF(C17>0,A17*2*60,0) -> 720 | E17: =IF(C17>0,A17*2*300,0) -> 3600 | F17: =IF(C17-D17-E17>0,C17-D17-E17,0) -> 2820 | J17: =K17*2250-IF(K17<$R$1,0,$R$2)+IF($P$1="是",IF(K17<$P$2,0,1000),0) -> 36850 | K17: 16 | L17: =K17*7+1 -> 113 | M17: 原初宝石 | N17: =IF($P$1="是",IF(K17<$P$2,M17,IF(K17=$P$2,M18,IF(K17=$P$2+1,M20,M17)))) -> 自选奇迹遗物·羽I | V17: =(泽国星象合约计算器!B2-100)*V4 -> 2304 | W17: =(SUM(泽国星象合约计算器!B4:C6)-5*100)*W4 -> 4560 | X17: =(SUM(泽国星象合约计算器!B8:C11)-8*100)*X4 -> 1872 | Y17: =(SUM(泽国星象合约计算器!B13:E17)-20*10)*Y4 -> 2451 | Z17: =(SUM(泽国星象合约计算器!B19:E19)-4*100)*Z4 -> 616 | AA17: =SUM(V17:Z17) -> 11803 | AD17: 16 | AE17: 30 | AF17: =AF16+AE17 -> 320 | AG17: 经验获取加成 | AH17: 0.02 | AI17: =COUNTIF(AG$1:AG17,AG17)*AH17 -> 0.08 | AU17: 15 | AV17: 390 | AW17: 15 | AX17: 390 | AY17: 15 | AZ17: 390 | BZ17: 176 | CA17: =CA16+260 -> 29900 | CB17: =CA17*2 -> 59800 | CC17: =CA17*$BT$5+CB17*$BS$2 -> 358.8 | CD17: =CC17/14*13 -> 333.17143 | CE17: =(CA17/$BS$14*5+CB17/$BS$13*5)/14*13 -> 63.493152 | CG17: 176 | CH17: =CH16+190 -> 22110 | CI17: 0 | CJ17: =CH17*$BT$6+CI17*$BS$2 -> 176.88 | CK17: =CJ17/5*13 -> 459.888 | CL17: =(CH17/$BS$15*5+CI17/$BS$13*5)/5*13 -> 95.81 | CN17: 32 | CO17: 143750 | CP17: =CP16+10350 -> 258750 | CQ17: =CO17*$BT$7+CP17*$BS$2 -> 1983.75 | CR17: =CQ17/26*13 -> 991.875 | CS17: =(CO17/$BS$16*5+CP17/$BS$13*5)/26*13 -> 189.02362 | CU17: 176 | CV17: 230600 | CW17: 0 | CX17: =CV17*$BT$8+CW17*$BS$2 -> 461.2 | CY17: =CX17/6*13 -> 999.26667 | DD17: 第1页 | DE17: =SUM($DH$29*2.5,$DM$29*2.5,$DR$29*0.5,$DW$29*3.125) -> 5155 | DF17: =10000*($DI$29*DT$3*2.5+$DN$29*DT$4*2.5+$DS$29*DT$5*0.5+$DX$29*DT$6*3.125) -> 272419.35 | DG17: 570 | DJ17: 第1页 | DK17: =DG17/16*DO$2/((DE17*DT$1+DF17*DT$1)*DR$2/10000) -> 69.002145 | DM17: 攻击 | DN17: =属性晨星性价比!I2 -> 11.3 | DO17: =属性晨星性价比!I7 -> 0.68 | DP17: =DN17*(1+DO17) -> 18.984 | EC17: 当前幻兽同调率 | ED17: =幻兽同调计算器!C2 -> 1.36 | EF17: 战力 | EH17: 对比幻兽同调 | EI17: =幻兽同调计算器!H2 -> 1.49 | EK17: 战力 | FB17: 15 | FC17: 1980 | FD17: =SUM($FC$3:FC17) -> 23280 | FF17: ="已囤总经验需求的"&TEXT(ROUND((FI13+FI15)/FC102,4),"0.00%") -> 已囤总经验需求的60.91% | FN17: 每碎片战力 | FO17: =FO16/FO15 -> 2616.6667 | FP17: =FP16/FP15 -> 523.33333 | FQ17: =FQ16/FQ15 -> 261.66667 | FR17: =FR16/FR15 -> 174.44444 | FS17: =FS16/FS15 -> 130.83333 | FT17: =FT16/FT15 -> 104.66667 | FU17: =FU16/FU15 -> 872.22222
A18: 7 | B18: =秘宝大作战!D9-秘宝大作战!H9 -> -8130 | C18: =IF(B18<0,-B18,0) -> 8130 | D18: =IF(C18>0,A18*2*60,0) -> 840 | E18: =IF(C18>0,A18*2*300,0) -> 4200 | F18: =IF(C18-D18-E18>0,C18-D18-E18,0) -> 3090 | J18: =K18*2250-IF(K18<$R$1,0,$R$2)+IF($P$1="是",IF(K18<$P$2,0,1000),0) -> 39100 | K18: 17 | L18: =K18*7+1 -> 120 | M18: 自选奇迹遗物·羽I | N18: =IF($P$1="是",IF(K18<$P$2,M18,IF(K18=$P$2,M19,IF(K18=$P$2+1,M21,M18)))) -> 原初宝石/贤者之石 | X18: 已有原初 | Y18: 目标档位 | Z18: 原初之星 | AA18: 还需分数 | AD18: 17 | AE18: 40 | AF18: =AF17+AE18 -> 360 | AG18: 副本掉落装备升华率 | AH18: 0.03 | AI18: =COUNTIF(AG$1:AG18,AG18)*AH18 -> 0.15 | AU18: 16 | AV18: 400 | AW18: 16 | AX18: 400 | AY18: 16 | AZ18: 400 | BR18: 素材秘境 | BS18: 每1个道具 | BZ18: 177 | CA18: =CA17+260 -> 30160 | CB18: =CA18*2 -> 60320 | CC18: =CA18*$BT$5+CB18*$BS$2 -> 361.92 | CD18: =CC18/14*13 -> 336.06857 | CE18: =(CA18/$BS$14*5+CB18/$BS$13*5)/14*13 -> 64.045267 | CG18: 177 | CH18: =CH17+195 -> 22305 | CI18: 0 | CJ18: =CH18*$BT$6+CI18*$BS$2 -> 178.44 | CK18: =CJ18/5*13 -> 463.944 | CL18: =(CH18/$BS$15*5+CI18/$BS$13*5)/5*13 -> 96.655 | CU18: 177 | CV18: 234150 | CW18: 0 | CX18: =CV18*$BT$8+CW18*$BS$2 -> 468.3 | CY18: =CX18/6*13 -> 1014.65 | DD18: 第2页 | DE18: =SUM($DH$30*2.5,$DM$30*2.5,$DR$30*0.5,$DW$30*3.125) -> 10800 | DF18: =10000*($DI$30*DT$3*2.5+$DN$30*DT$4*2.5+$DS$30*DT$5*0.5+$DX$30*DT$6*3.125) -> 484294.35 | DG18: 2448 | DJ18: 第2页 | DK18: =DG18/16*DO$2/((DE18*DT$1+DF18*DT$1)*DR$2/10000) -> 166.14624 | DM18: 防御 | DN18: =属性晨星性价比!I3 -> 11.3 | DO18: =属性晨星性价比!I8 -> 0.49 | DP18: =DN18*(1+DO18) -> 16.837 | EC18: 当前重置后幻兽面板 | ED18: 攻击力 | EE18: =幻兽同调计算器!C3 -> 5.18 | EF18: =EE18*2.5 -> 12.95 | EH18: 面板 | EI18: 攻击力 | EJ18: =EE18/$EE$16*$EJ$16/$ED$17*$EI$17 -> 4.2563603 | EK18: =EJ18*2.5 -> 10.640901 | FB18: 16 | FC18: 2040 | FD18: =SUM($FC$3:FC18) -> 25320 | FF18: 朵菈最终等级 | FH18: {=INDEX(FB3:FB101,MATCH(_xlfn.MAXIFS(FD3:FD101,FB3:FB101,FI15),FD17:FD18,0))} -> #N/A | FN18: 1w战力价格 | FO18: =10000/FO17*$FP$4 -> 65.070232 | FP18: =10000/FP17*$FP$4 -> 325.35116 | FQ18: =10000/FQ17*$FP$4 -> 650.70232 | FR18: =10000/FR17*$FP$4 -> 976.05348 | FS18: =10000/FS17*$FP$4 -> 1301.4046 | FT18: =10000/FT17*$FP$4 -> 1626.7558 | FU18: =10000/FU17*$FP$4 -> 195.2107
A19: 8 | B19: =秘宝大作战!D10-秘宝大作战!H10 -> -11520 | C19: =IF(B19<0,-B19,0) -> 11520 | D19: =IF(C19>0,A19*2*60,0) -> 960 | E19: =IF(C19>0,A19*2*300,0) -> 4800 | F19: =IF(C19-D19-E19>0,C19-D19-E19,0) -> 5760 | J19: =K19*2250-IF(K19<$R$1,0,$R$2)+IF($P$1="是",IF(K19<$P$2,0,1000),0) -> 41350 | K19: 18 | L19: =K19*7+1 -> 127 | M19: 幸运神像/黄金圣木 | N19: =IF($P$1="是",IF(K19<$P$2,M19,IF(K19=$P$2,M20,IF(K19=$P$2+1,M22,M19)))) -> 幸运神像/黄金圣木 | X19: 0 | Y19: =泽国星象合约计算器!H2 -> 200 | Z19: =FLOOR(AA17/AA4,1)+AB4 -> 128 | AA19: =(Y19-AB4-X19)*AA4-AA17 -> 7197 | AD19: 18 | AE19: 40 | AF19: =AF18+AE19 -> 400 | AG19: 宝石获取率 | AH19: 0.05 | AI19: =COUNTIF(AG$1:AG19,AG19)*AH19 -> 0.25 | AK19: 晨星售卖计算器 | AU19: 17 | AV19: 450 | AW19: 17 | AX19: 450 | AY19: 17 | AZ19: 450 | BR19: 金币 | BS19: =1920000000/100000 -> 19200 | BZ19: 178 | CA19: =CA18+260 -> 30420 | CB19: =CA19*2 -> 60840 | CC19: =CA19*$BT$5+CB19*$BS$2 -> 365.04 | CD19: =CC19/14*13 -> 338.96571 | CE19: =(CA19/$BS$14*5+CB19/$BS$13*5)/14*13 -> 64.597381 | CG19: 178 | CH19: =CH18+190 -> 22495 | CI19: 0 | CJ19: =CH19*$BT$6+CI19*$BS$2 -> 179.96 | CK19: =CJ19/5*13 -> 467.896 | CL19: =(CH19/$BS$15*5+CI19/$BS$13*5)/5*13 -> 97.478333 | CU19: 178 | CV19: 237700 | CW19: 0 | CX19: =CV19*$BT$8+CW19*$BS$2 -> 475.4 | CY19: =CX19/6*13 -> 1030.0333 | DD19: 第3页 | DE19: =SUM($DH$31*2.5,$DM$31*2.5,$DR$31*0.5,$DW$31*3.125) -> 12870 | DF19: =10000*($DI$31*DT$3*2.5+$DN$31*DT$4*2.5+$DS$31*DT$5*0.5+$DX$31*DT$6*3.125) -> 484415.32 | DG19: 3536 | DJ19: 第3页 | DK19: =DG19/16*DO$2/((DE19*DT$1+DF19*DT$1)*DR$2/10000) -> 238.93165 | DM19: 生命 | DN19: =属性晨星性价比!I4 -> 56.7 | DO19: =属性晨星性价比!I9 -> 0.48 | DP19: =DN19*(1+DO19) -> 83.916 | ED19: 防御力 | EE19: =幻兽同调计算器!C4 -> 5.18 | EF19: =EE19*2.5 -> 12.95 | EI19: 防御力 | EJ19: =EE19/$EE$16*$EJ$16/$ED$17*$EI$17 -> 4.2563603 | EK19: =EJ19*2.5 -> 10.640901 | FB19: 17 | FC19: 2100 | FD19: =SUM($FC$3:FC19) -> 27420 | FN19: 综合每碎片战力 | FO19: =(SUM(FO16:FU16)/SUM(FO15:FU15)) -> 475.75758
A20: 9 | B20: =秘宝大作战!D11-秘宝大作战!H11 -> -14910 | C20: =IF(B20<0,-B20,0) -> 14910 | D20: =IF(C20>0,A20*2*60,0) -> 1080 | E20: =IF(C20>0,A20*2*300,0) -> 5400 | F20: =IF(C20-D20-E20>0,C20-D20-E20,0) -> 8430 | J20: =K20*2250-IF(K20<$R$1,0,$R$2)+IF($P$1="是",IF(K20<$P$2,0,1000),0) -> 43600 | K20: 19 | L20: =K20*7+1 -> 134 | M20: 5阶技能碎片*180 | N20: =IF($P$1="是",IF(K20<$P$2,M20,IF(K20=$P$2,M21,IF(K20=$P$2+1,M23,M20)))) -> 5阶技能碎片*180 | AD20: 19 | AE20: 40 | AF20: =AF19+AE20 -> 440 | AG20: 副本评价奖励翻倍概率 | AH20: 0.02 | AI20: =COUNTIF(AG$1:AG20,AG20)*AH20 -> 0.1 | AL20: 原初 | AM20: 女神像 | AO20: 原初 | AP20: 翻倍率 | AQ20: 女神像 | AR20: 翻倍率 | AU20: 18 | AV20: 500 | AW20: 18 | AX20: 500 | AY20: 18 | AZ20: 500 | BR20: 粗练石 | BS20: =180000000/100000 -> 1800 | BZ20: 179 | CA20: =CA19+260 -> 30680 | CB20: =CA20*2 -> 61360 | CC20: =CA20*$BT$5+CB20*$BS$2 -> 368.16 | CD20: =CC20/14*13 -> 341.86286 | CE20: =(CA20/$BS$14*5+CB20/$BS$13*5)/14*13 -> 65.149496 | CG20: 179 | CH20: =CH19+195 -> 22690 | CI20: 0 | CJ20: =CH20*$BT$6+CI20*$BS$2 -> 181.52 | CK20: =CJ20/5*13 -> 471.952 | CL20: =(CH20/$BS$15*5+CI20/$BS$13*5)/5*13 -> 98.323333 | CU20: 179 | CV20: 241250 | CW20: 0 | CX20: =CV20*$BT$8+CW20*$BS$2 -> 482.5 | CY20: =CX20/6*13 -> 1045.4167 | DD20: 第4页 | DE20: =SUM($DH$32*2.5,$DM$32*2.5,$DR$32*0.5,$DW$32*3.125) -> 15060 | DF20: =10000*($DI$32*DT$3*2.5+$DN$32*DT$4*2.5+$DS$32*DT$5*0.5+$DX$32*DT$6*3.125) -> 484354.84 | DG20: 4080 | DJ20: 第4页 | DK20: =DG20/16*DO$2/((DE20*DT$1+DF20*DT$1)*DR$2/10000) -> 274.51482 | DM20: 速度 | DN20: =属性晨星性价比!I5 -> 9.08 | DO20: =属性晨星性价比!I10 -> 0.52 | DP20: =DN20*(1+DO20) -> 13.8016 | ED20: 生命值 | EE20: =幻兽同调计算器!C5 -> 25.9 | EF20: =EE20*0.5 -> 12.95 | EI20: 生命值 | EJ20: =EE20/$EE$16*$EJ$16/$ED$17*$EI$17 -> 21.281801 | EK20: =EJ20*0.5 -> 10.640901 | FB20: 18 | FC20: 2160 | FD20: =SUM($FC$3:FC20) -> 29580
A21: 10 | B21: =秘宝大作战!D12-秘宝大作战!H12 -> -17250 | C21: =IF(B21<0,-B21,0) -> 17250 | D21: =IF(C21>0,A21*2*60,0) -> 1200 | E21: =IF(C21>0,A21*2*300,0) -> 6000 | F21: =IF(C21-D21-E21>0,C21-D21-E21,0) -> 10050 | J21: =K21*2250-IF(K21<$R$1,0,$R$2)+IF($P$1="是",IF(K21<$P$2,0,1000),0) -> 45850 | K21: 20 | L21: =K21*7+1 -> 141 | M21: 原初宝石/贤者之石 | N21: =IF($P$1="是",IF(K21<$P$2,M21,IF(K21=$P$2,M22,IF(K21=$P$2+1,M24,M21)))) -> 原初宝石/贤者之石 | V21: 龙国计算 | AD21: 20 | AE21: 40 | AF21: =AF20+AE21 -> 480 | AG21: 经验获取加成 | AH21: 0.02 | AI21: =COUNTIF(AG$1:AG21,AG21)*AH21 -> 0.1 | AL21: =副本晨星收益计算器!C1 -> 3300 | AM21: =副本晨星收益计算器!F1 -> 2星架子上 | AO21: =AF4 -> 30 | AP21: =AI4 -> 0.02 | AQ21: 0星未放架子 | AR21: 0.1 | AU21: 19 | AV21: 500 | AW21: 19 | AX21: 500 | AY21: 19 | AZ21: 500 | BR21: 历战精华 | BS21: =268000000/100000 -> 2680 | BZ21: 180 | CA21: =CA20+260 -> 30940 | CB21: =CA21*2 -> 61880 | CC21: =CA21*$BT$5+CB21*$BS$2 -> 371.28 | CD21: =CC21/14*13 -> 344.76 | CE21: =(CA21/$BS$14*5+CB21/$BS$13*5)/14*13 -> 65.70161 | CG21: 180 | CH21: =CH20+190 -> 22880 | CI21: 0 | CJ21: =CH21*$BT$6+CI21*$BS$2 -> 183.04 | CK21: =CJ21/5*13 -> 475.904 | CL21: =(CH21/$BS$15*5+CI21/$BS$13*5)/5*13 -> 99.146667 | CU21: 180 | CV21: 244800 | CW21: 0 | CX21: =CV21*$BT$8+CW21*$BS$2 -> 489.6 | CY21: =CX21/6*13 -> 1060.8 | DD21: 第5页 | DE21: =SUM($DH$33*2.5,$DM$33*2.5,$DR$33*0.5,$DW$33*3.125) -> 15060 | DF21: =10000*($DI$33*DT$3*2.5+$DN$33*DT$4*2.5+$DS$33*DT$5*0.5+$DX$33*DT$6*3.125) -> 484354.84 | DG21: 4692 | DJ21: 第5页 | DK21: =DG21/16*DO$2/((DE21*DT$1+DF21*DT$1)*DR$2/10000) -> 315.69204 | ED21: 速度 | EE21: =幻兽同调计算器!C6 -> 4.14 | EF21: =EE21*3.125 -> 12.9375 | EI21: 速度 | EJ21: =EE21/$EE$16*$EJ$16/$ED$17*$EI$17 -> 3.4018015 | EK21: =EJ21*3.125 -> 10.63063 | FB21: 19 | FC21: 2220 | FD21: =SUM($FC$3:FC21) -> 31800 | FM21: 每抽收益 | FN21: =(FN2+FO2)*FN4*FO14+(FN3+FO3)*FN5*FO19 -> 1478.0751
A22: 11 | B22: =秘宝大作战!D13-秘宝大作战!H13 -> -18240 | C22: =IF(B22<0,-B22,0) -> 18240 | D22: =IF(C22>0,A22*2*60,0) -> 1320 | E22: =IF(C22>0,A22*2*300,0) -> 6600 | F22: =IF(C22-D22-E22>0,C22-D22-E22,0) -> 10320 | J22: =K22*2250-IF(K22<$R$1,0,$R$2)+IF($P$1="是",IF(K22<$P$2,0,1000),0) -> 48100 | K22: 21 | L22: =K22*7+1 -> 148 | M22: 自选奇迹遗物·羽II | N22: =IF($P$1="是",IF(K22<$P$2,M22,IF(K22=$P$2,M23,IF(K22=$P$2+1,M25,M22)))) -> 自选奇迹遗物·羽II | V22: 角色等级 | W22: 装备强化等级 | X22: 技能强化等级 | Y22: 古遗物强化等级 | Z22: 幻兽等级 | AA22: 总分 | AD22: 21 | AE22: 50 | AF22: =AF21+AE22 -> 530 | AG22: 副本掉落装备升华率 | AH22: 0.03 | AI22: =COUNTIF(AG$1:AG22,AG22)*AH22 -> 0.18 | AK22: 翻倍率 | AL22: =VLOOKUP(AL21,AO21:AP42,2,0) -> 0.26 | AM22: =VLOOKUP(AM21,AQ21:AR32,2,0) -> 0.216 | AO22: =AF8 -> 88 | AP22: =AI8 -> 0.04 | AQ22: 1星未放架子 | AR22: 0.14 | AU22: 20 | AV22: 1483 | AW22: 20 | AX22: 1483 | AY22: 20 | AZ22: 1483 | BR22: 时之沙 | BS22: =1460+76*5 -> 1840 | BZ22: 181 | CA22: =CA21+260 -> 31200 | CB22: =CA22*2 -> 62400 | CC22: =CA22*$BT$5+CB22*$BS$2 -> 374.4 | CD22: =CC22/14*13 -> 347.65714 | CE22: =(CA22/$BS$14*5+CB22/$BS$13*5)/14*13 -> 66.253724 | CG22: 181 | CH22: =CH21+195-5 -> 23070 | CI22: 0 | CJ22: =CH22*$BT$6+CI22*$BS$2 -> 184.56 | CK22: =CJ22/5*13 -> 479.856 | CL22: =(CH22/$BS$15*5+CI22/$BS$13*5)/5*13 -> 99.97 | CU22: 181 | CV22: 248350 | CW22: 0 | CX22: =CV22*$BT$8+CW22*$BS$2 -> 496.7 | CY22: =CX22/6*13 -> 1076.1833 | DD22: 第6页 | DE22: =SUM($DH$34*2.5,$DM$34*2.5,$DR$34*0.5,$DW$34*3.125) -> 17240 | DF22: =10000*($DI$34*DT$3*2.5+$DN$34*DT$4*2.5+$DS$34*DT$5*0.5+$DX$34*DT$6*3.125) -> 484415.32 | DG22: 5440 | DJ22: 第6页 | DK22: =DG22/16*DO$2/((DE22*DT$1+DF22*DT$1)*DR$2/10000) -> 364.38505 | EE22: 合计 | EF22: =SUM(EF18:EF21) -> 51.7875 | EJ22: 合计 | EK22: =SUM(EK18:EK21) -> 42.553332 | FB22: 20 | FC22: 2310 | FD22: =SUM($FC$3:FC22) -> 34110 | FM22: 10000战力价格 | FN22: =10000/FN21*(80-4775/200) -> 379.71682
A23: 12 | B23: =秘宝大作战!D14-秘宝大作战!H14 -> -19230 | C23: =IF(B23<0,-B23,0) -> 19230 | D23: =IF(C23>0,A23*2*60,0) -> 1440 | E23: =IF(C23>0,A23*2*300,0) -> 7200 | F23: =IF(C23-D23-E23>0,C23-D23-E23,0) -> 10590 | J23: =K23*2250-IF(K23<$R$1,0,$R$2)+IF($P$1="是",IF(K23<$P$2,0,1000),0) -> 50350 | K23: 22 | L23: =K23*7+1 -> 155 | M23: 幸运神像/黄金圣木 | N23: =IF($P$1="是",IF(K23<$P$2,M23,IF(K23=$P$2,M24,IF(K23=$P$2+1,M26,M23)))) -> 幸运神像/黄金圣木 | V23: =(龙国星象合约计算器!B2-130)*V7 -> 6995 | W23: =(SUM(龙国星象合约计算器!B4:C6)-5*130)*W7 -> 6606 | X23: =(SUM(龙国星象合约计算器!B8:C11)-8*130)*X7 -> 3087 | Y23: =(SUM(龙国星象合约计算器!B13:E17)-20*13)*Y7 -> 5280 | Z23: =(SUM(龙国星象合约计算器!B19:E19)-4*130)*Z7 -> 1384 | AA23: =SUM(V23:Z23) -> 23352 | AD23: 22 | AE23: 50 | AF23: =AF22+AE23 -> 580 | AG23: 宝石获取率 | AH23: 0.05 | AI23: =COUNTIF(AG$1:AG23,AG23)*AH23 -> 0.3 | AO23: =AF12 -> 176 | AP23: =AI12 -> 0.06 | AQ23: 2星未放架子 | AR23: 0.18 | AU23: 21 | AV23: 1844 | AW23: 21 | AX23: 1844 | AY23: 21 | AZ23: 1844 | BZ23: 182 | CA23: =CA22+260 -> 31460 | CB23: =CA23*2 -> 62920 | CC23: =CA23*$BT$5+CB23*$BS$2 -> 377.52 | CD23: =CC23/14*13 -> 350.55429 | CE23: =(CA23/$BS$14*5+CB23/$BS$13*5)/14*13 -> 66.805839 | CG23: 182 | CH23: =CH22+190 -> 23260 | CI23: 0 | CJ23: =CH23*$BT$6+CI23*$BS$2 -> 186.08 | CK23: =CJ23/5*13 -> 483.808 | CL23: =(CH23/$BS$15*5+CI23/$BS$13*5)/5*13 -> 100.79333 | CU23: 182 | CV23: 251900 | CW23: 0 | CX23: =CV23*$BT$8+CW23*$BS$2 -> 503.8 | CY23: =CX23/6*13 -> 1091.5667 | DD23: 第7页 | DE23: =SUM($DH$35*2.5,$DM$35*2.5,$DR$35*0.5,$DW$35*3.125) -> 17235 | DF23: =10000*($DI$35*DT$3*2.5+$DN$35*DT$4*2.5+$DS$35*DT$5*0.5+$DX$35*DT$6*3.125) -> 484415.32 | DG23: 6256 | DJ23: 第7页 | DK23: =DG23/16*DO$2/((DE23*DT$1+DF23*DT$1)*DR$2/10000) -> 419.04698 | ED23: 幻兽点满能力页数量 | EF23: 2 | EI23: 幻兽点满能力页数量 | EK23: =幻兽同调计算器!H8 -> 1 | FB23: 21 | FC23: 2400 | FD23: =SUM($FC$3:FC23) -> 36510
A24: 13 | B24: =秘宝大作战!D15-秘宝大作战!H15 -> -21420 | C24: =IF(B24<0,-B24,0) -> 21420 | D24: =IF(C24>0,A24*2*60,0) -> 1560 | E24: =IF(C24>0,A24*2*300,0) -> 7800 | F24: =IF(C24-D24-E24>0,C24-D24-E24,0) -> 12060 | J24: =K24*2250-IF(K24<$R$1,0,$R$2)+IF($P$1="是",IF(K24<$P$2,0,1000),0) -> 52600 | K24: 23 | L24: =K24*7+1 -> 162 | M24: 5阶技能碎片*180 | N24: =IF($P$1="是",IF(K24<$P$2,M24,IF(K24=$P$2,M25,IF(K24=$P$2+1,M27,M24)))) -> 5阶技能碎片*180 | X24: 已有原初 | Y24: 目标档位 | Z24: 原初之星 | AA24: 还需分数 | AD24: 23 | AE24: 50 | AF24: =AF23+AE24 -> 630 | AG24: 副本评价奖励翻倍概率 | AH24: 0.02 | AI24: =COUNTIF(AG$1:AG24,AG24)*AH24 -> 0.12 | AO24: =AF16 -> 290 | AP24: =AI16 -> 0.08 | AQ24: 3星未放架子 | AR24: 0.22 | AU24: 22 | AV24: 1865 | AW24: 22 | AX24: 1865 | AY24: 22 | AZ24: 1865 | BZ24: 183 | CA24: =CA23+260 -> 31720 | CB24: =CA24*2 -> 63440 | CC24: =CA24*$BT$5+CB24*$BS$2 -> 380.64 | CD24: =CC24/14*13 -> 353.45143 | CE24: =(CA24/$BS$14*5+CB24/$BS$13*5)/14*13 -> 67.357953 | CG24: 183 | CH24: =CH23+195 -> 23455 | CI24: 0 | CJ24: =CH24*$BT$6+CI24*$BS$2 -> 187.64 | CK24: =CJ24/5*13 -> 487.864 | CL24: =(CH24/$BS$15*5+CI24/$BS$13*5)/5*13 -> 101.63833 | CU24: 183 | CV24: 255450 | CW24: 0 | CX24: =CV24*$BT$8+CW24*$BS$2 -> 510.9 | CY24: =CX24/6*13 -> 1106.95 | DD24: 第8页 | DE24: =SUM($DH$36*2.5,$DM$36*2.5,$DR$36*0.5,$DW$36*3.125) -> 17235 | DF24: =10000*($DI$36*DT$3*2.5+$DN$36*DT$4*2.5+$DS$36*DT$5*0.5+$DX$36*DT$6*3.125) -> 484294.35 | DG24: 6800 | DJ24: 第8页 | DK24: =DG24/16*DO$2/((DE24*DT$1+DF24*DT$1)*DR$2/10000) -> 455.59571 | EE24: 固定数值 | EF24: 百分比 | FB24: 22 | FC24: 2490 | FD24: =SUM($FC$3:FC24) -> 39000
A25: 14 | B25: =秘宝大作战!D16-秘宝大作战!H16 -> -23610 | C25: =IF(B25<0,-B25,0) -> 23610 | D25: =IF(C25>0,A25*2*60,0) -> 1680 | E25: =IF(C25>0,A25*2*300,0) -> 8400 | F25: =IF(C25-D25-E25>0,C25-D25-E25,0) -> 13530 | J25: =K25*2250-IF(K25<$R$1,0,$R$2)+IF($P$1="是",IF(K25<$P$2,0,1000),0) -> 54850 | K25: 24 | L25: =K25*7+1 -> 169 | M25: 原初宝石/贤者之石 | N25: =IF($P$1="是",IF(K25<$P$2,M25,IF(K25=$P$2,M26,IF(K25=$P$2+1,M28,M25)))) -> 原初宝石/贤者之石 | X25: =龙国星象合约计算器!G2 -> 220 | Y25: =龙国星象合约计算器!H2 -> 1130 | Z25: =FLOOR(AA23/AA7,1)+AB7 -> 909 | AA25: =(Y25-AB7-X25)*AA7-AA23 -> 3 | AD25: 24 | AE25: 50 | AF25: =AF24+AE25 -> 680 | AG25: 经验获取加成 | AH25: 0.02 | AI25: =COUNTIF(AG$1:AG25,AG25)*AH25 -> 0.12 | AO25: =AF20 -> 440 | AP25: =AI20 -> 0.1 | AQ25: 4星未放架子 | AR25: 0.26 | AU25: 23 | AV25: 1916 | AW25: 23 | AX25: 1916 | AY25: 23 | AZ25: 1916 | BS25: 当前装备等级 | BT25: 当前技能等级 | BU25: 当前遗物等级 | BV25: 当前幻兽等级 | BZ25: 184 | CA25: =CA24+260 -> 31980 | CB25: =CA25*2 -> 63960 | CC25: =CA25*$BT$5+CB25*$BS$2 -> 383.76 | CD25: =CC25/14*13 -> 356.34857 | CE25: =(CA25/$BS$14*5+CB25/$BS$13*5)/14*13 -> 67.910067 | CG25: 184 | CH25: =CH24+190 -> 23645 | CI25: 0 | CJ25: =CH25*$BT$6+CI25*$BS$2 -> 189.16 | CK25: =CJ25/5*13 -> 491.816 | CL25: =(CH25/$BS$15*5+CI25/$BS$13*5)/5*13 -> 102.46167 | CU25: 184 | CV25: 259000 | CW25: 0 | CX25: =CV25*$BT$8+CW25*$BS$2 -> 518 | CY25: =CX25/6*13 -> 1122.3333 | EC25: 加成 | ED25: 攻击力 | EE25: =SUM(EG4:INDEX(EG4:EG11,$EF$23))*$ED$17*$EF$16/10000 -> 0.6247296 | EF25: =SUM(EH4:INDEX(EH4:EH11,$EF$23))*$EF$16*EE18 -> 4.3512 | FB25: 23 | FC25: 2580 | FD25: =SUM($FC$3:FC25) -> 41580
A26: 15 | B26: =秘宝大作战!D17-秘宝大作战!H17 -> -25800 | C26: =IF(B26<0,-B26,0) -> 25800 | D26: =IF(C26>0,A26*2*60,0) -> 1800 | E26: =IF(C26>0,A26*2*300,0) -> 9000 | F26: =IF(C26-D26-E26>0,C26-D26-E26,0) -> 15000 | J26: =K26*2250-IF(K26<$R$1,0,$R$2)+IF($P$1="是",IF(K26<$P$2,0,1000),0) -> 57100 | K26: 25 | L26: =K26*7+1 -> 176 | M26: 自选奇迹遗物·羽III | N26: =IF($P$1="是",IF(K26<$P$2,M26,IF(K26=$P$2,M27,IF(K26=$P$2+1,M29,M26)))) -> 自选奇迹遗物·羽III | AD26: 25 | AE26: 60 | AF26: =AF25+AE26 -> 740 | AG26: 副本掉落装备升华率 | AH26: 0.03 | AI26: =COUNTIF(AG$1:AG26,AG26)*AH26 -> 0.21 | AO26: =AF24 -> 630 | AP26: =AI24 -> 0.12 | AQ26: 5星未放架子 | AR26: 0.3 | AU26: 24 | AV26: 2043 | AW26: 24 | AX26: 2043 | AY26: 24 | AZ26: 2043 | BR26: 当前等级 | BS26: =羽国原初成本!A2 -> 280 | BT26: =羽国原初成本!B2 -> 230 | BU26: =羽国原初成本!C2 -> 27 | BV26: =羽国原初成本!D2 -> 210 | BZ26: 185 | CA26: =CA25+260 -> 32240 | CB26: =CA26*2 -> 64480 | CC26: =CA26*$BT$5+CB26*$BS$2 -> 386.88 | CD26: =CC26/14*13 -> 359.24571 | CE26: =(CA26/$BS$14*5+CB26/$BS$13*5)/14*13 -> 68.462182 | CG26: 185 | CH26: =CH25+195 -> 23840 | CI26: 0 | CJ26: =CH26*$BT$6+CI26*$BS$2 -> 190.72 | CK26: =CJ26/5*13 -> 495.872 | CL26: =(CH26/$BS$15*5+CI26/$BS$13*5)/5*13 -> 103.30667 | CU26: 185 | CV26: 262550 | CW26: 0 | CX26: =CV26*$BT$8+CW26*$BS$2 -> 525.1 | CY26: =CX26/6*13 -> 1137.7167 | DE26: 攻击 | DF26: 防御 | DG26: 生命 | DH26: 速度 | ED26: 防御力 | EE26: =SUM(EL4:INDEX(EL4:EL11,$EF$23))*$ED$17*$EF$16/10000 -> 0.6149376 | EF26: =SUM(EM4:INDEX(EM4:EM11,$EF$23))*$EF$16*EE19 -> 4.0404 | FB26: 24 | FC26: 2670 | FD26: =SUM($FC$3:FC26) -> 44250
A27: 16 | B27: =秘宝大作战!D18-秘宝大作战!H18 -> -28190 | C27: =IF(B27<0,-B27,0) -> 28190 | D27: =IF(C27>0,A27*2*60,0) -> 1920 | E27: =IF(C27>0,A27*2*300,0) -> 9600 | F27: =IF(C27-D27-E27>0,C27-D27-E27,0) -> 16670 | J27: =K27*2250-IF(K27<$R$1,0,$R$2)+IF($P$1="是",IF(K27<$P$2,0,1000),0) -> 59350 | K27: 26 | L27: =K27*7+1 -> 183 | M27: 幸运神像/黄金圣木 | N27: =IF($P$1="是",IF(K27<$P$2,M27,IF(K27=$P$2,M28,IF(K27=$P$2+1,M30,M27)))) -> 幸运神像/黄金圣木 | V27: 羽国计算 | AD27: 26 | AE27: 60 | AF27: =AF26+AE27 -> 800 | AG27: 宝石获取率 | AH27: 0.05 | AI27: =COUNTIF(AG$1:AG27,AG27)*AH27 -> 0.35 | AO27: =AF28 -> 860 | AP27: =AI28 -> 0.14 | AQ27: 0星架子上 | AR27: =1.2*AR21 -> 0.12 | AU27: 25 | AV27: 2067 | AW27: 25 | AX27: 2067 | AY27: 25 | AZ27: 2067 | BR27: 强化等级 | BS27: =BS26+1 -> 281 | BT27: =BT26+1 -> 231 | BU27: =BU26+1 -> 28 | BV27: =BV26+1 -> 211 | BZ27: 186 | CA27: =CA26+260 -> 32500 | CB27: =CA27*2 -> 65000 | CC27: =CA27*$BT$5+CB27*$BS$2 -> 390 | CD27: =CC27/14*13 -> 362.14286 | CE27: =(CA27/$BS$14*5+CB27/$BS$13*5)/14*13 -> 69.014296 | CG27: 186 | CH27: =CH26+190 -> 24030 | CI27: 0 | CJ27: =CH27*$BT$6+CI27*$BS$2 -> 192.24 | CK27: =CJ27/5*13 -> 499.824 | CL27: =(CH27/$BS$15*5+CI27/$BS$13*5)/5*13 -> 104.13 | CU27: 186 | CV27: 266100 | CW27: 0 | CX27: =CV27*$BT$8+CW27*$BS$2 -> 532.2 | CY27: =CX27/6*13 -> 1153.1 | DD27: 战力 | DE27: 2.5 | DF27: 2.5 | DG27: 0.5 | DH27: 3.125 | ED27: 生命值 | EE27: =SUM(EQ4:INDEX(EQ4:EQ11,$EF$23))*$ED$17*$EF$16/10000 -> 2.983296 | EF27: =SUM(ER4:INDEX(ER4:ER11,$EF$23))*$EF$16*EE20 -> 17.094 | FB27: 25 | FC27: 2760 | FD27: =SUM($FC$3:FC27) -> 47010
A28: 17 | B28: =秘宝大作战!D19-秘宝大作战!H19 -> -30380 | C28: =IF(B28<0,-B28,0) -> 30380 | D28: =IF(C28>0,A28*2*60,0) -> 2040 | E28: =IF(C28>0,A28*2*300,0) -> 10200 | F28: =IF(C28-D28-E28>0,C28-D28-E28,0) -> 18140 | J28: =K28*2250-IF(K28<$R$1,0,$R$2)+IF($P$1="是",IF(K28<$P$2,0,1000),0) -> 61600 | K28: 27 | L28: =K28*7+1 -> 190 | M28: 5阶技能碎片*180 | N28: =IF($P$1="是",IF(K28<$P$2,M28,IF(K28=$P$2,M29,IF(K28=$P$2+1,M31,M28)))) -> 5阶技能碎片*180 | V28: 角色等级 | W28: 装备强化等级 | X28: 技能强化等级 | Y28: 古遗物强化等级 | Z28: 幻兽等级 | AA28: 总分 | AD28: 27 | AE28: 60 | AF28: =AF27+AE28 -> 860 | AG28: 副本评价奖励翻倍概率 | AH28: 0.02 | AI28: =COUNTIF(AG$1:AG28,AG28)*AH28 -> 0.14 | AO28: =AF32 -> 1130 | AP28: =AI32 -> 0.16 | AQ28: 1星架子上 | AR28: =1.2*AR22 -> 0.168 | AU28: 26 | AV28: 2169 | AW28: 26 | AX28: 2169 | AY28: 26 | AZ28: 2169 | BR28: 升1级折算的原初晨星价值 | BS28: =ROUND(VLOOKUP(BS27,BZ$1:CE$181,5,0),1) -> 637.4 | BT28: =ROUND(VLOOKUP(BT27,CG$1:CL$181,5,0),1) -> 679.8 | BU28: =ROUND(VLOOKUP(BU27,CN$1:CS$181,5,0),1) -> 833.2 | BV28: =ROUND(VLOOKUP(BV27,CU$1:CY$181,5,0),1) -> 1536.8 | BZ28: 187 | CA28: =CA27+260 -> 32760 | CB28: =CA28*2 -> 65520 | CC28: =CA28*$BT$5+CB28*$BS$2 -> 393.12 | CD28: =CC28/14*13 -> 365.04 | CE28: =(CA28/$BS$14*5+CB28/$BS$13*5)/14*13 -> 69.566411 | CG28: 187 | CH28: =CH27+195 -> 24225 | CI28: 0 | CJ28: =CH28*$BT$6+CI28*$BS$2 -> 193.8 | CK28: =CJ28/5*13 -> 503.88 | CL28: =(CH28/$BS$15*5+CI28/$BS$13*5)/5*13 -> 104.975 | CU28: 187 | CV28: 269650 | CW28: 0 | CX28: =CV28*$BT$8+CW28*$BS$2 -> 539.3 | CY28: =CX28/6*13 -> 1168.4833 | DE28: 攻击 | DF28: 攻击百分比 | DG28: 攻击节点 | DH28: 总攻击 | DI28: 总攻击百分比 | DJ28: 防御 | DK28: 防御百分比 | DL28: 防御节点 | DM28: 总防御 | DN28: 总防御百分比 | DO28: 生命 | DP28: 生命百分比 | DQ28: 生命节点 | DR28: 总生命 | DS28: 总生命百分比 | DT28: 速度 | DU28: 速度百分比 | DV28: 速度节点 | DW28: 总速度 | DX28: 总速度百分比 | DY28: 特殊节点 | DZ28: 总节点数 | ED28: 速度 | EE28: =SUM(EV4:INDEX(EV4:EV11,$EF$23))*$ED$17*$EF$16/10000 -> 0.4791552 | EF28: =SUM(EW4:INDEX(EW4:EW11,$EF$23))*$EF$16*EE21 -> 2.9808 | FB28: 26 | FC28: 2880 | FD28: =SUM($FC$3:FC28) -> 49890
A29: 18 | B29: =秘宝大作战!D20-秘宝大作战!H20 -> -32570 | C29: =IF(B29<0,-B29,0) -> 32570 | D29: =IF(C29>0,A29*2*60,0) -> 2160 | E29: =IF(C29>0,A29*2*300,0) -> 10800 | F29: =IF(C29-D29-E29>0,C29-D29-E29,0) -> 19610 | J29: =K29*2250-IF(K29<$R$1,0,$R$2)+IF($P$1="是",IF(K29<$P$2,0,1000),0) -> 63850 | K29: 28 | L29: =K29*7+1 -> 197 | M29: 原初宝石/贤者之石 | N29: =IF($P$1="是",IF(K29<$P$2,M29,IF(K29=$P$2,M30,IF(K29=$P$2+1,M32,M29)))) -> 原初宝石/贤者之石 | V29: =(羽国星象合约计算器!B2-160)*V10 -> 11000 | W29: =(SUM(羽国星象合约计算器!B4:C6)-5*160)*W10 -> 8400 | X29: =(SUM(羽国星象合约计算器!B8:C11)-8*160)*X10 -> 2865 | Y29: =(SUM(羽国星象合约计算器!B13:E17)-20*16)*Y10 -> 5720 | Z29: =(SUM(羽国星象合约计算器!B19:E19)-4*160)*Z10 -> 1278 | AA29: =SUM(V29:Z29) -> 29263 | AD29: 28 | AE29: 60 | AF29: =AF28+AE29 -> 920 | AG29: 经验获取加成 | AH29: 0.02 | AI29: =COUNTIF(AG$1:AG29,AG29)*AH29 -> 0.14 | AO29: =AF36 -> 1440 | AP29: =AI36 -> 0.18 | AQ29: 2星架子上 | AR29: =1.2*AR23 -> 0.216 | AU29: 27 | AV29: 2437 | AW29: 27 | AX29: 2437 | AY29: 27 | AZ29: 2437 | BR29: 升1级折算的原初体力价值 | BS29: =ROUND(VLOOKUP(BS27,BZ$1:CE$181,6,0),1) -> 121.5 | BT29: =ROUND(VLOOKUP(BT27,CG$1:CL$181,6,0),1) -> 141.6 | BU29: =ROUND(VLOOKUP(BU27,CN$1:CS$181,6,0),1) -> 158.8 | BZ29: 188 | CA29: =CA28+260 -> 33020 | CB29: =CA29*2 -> 66040 | CC29: =CA29*$BT$5+CB29*$BS$2 -> 396.24 | CD29: =CC29/14*13 -> 367.93714 | CE29: =(CA29/$BS$14*5+CB29/$BS$13*5)/14*13 -> 70.118525 | CG29: 188 | CH29: =CH28+190 -> 24415 | CI29: 0 | CJ29: =CH29*$BT$6+CI29*$BS$2 -> 195.32 | CK29: =CJ29/5*13 -> 507.832 | CL29: =(CH29/$BS$15*5+CI29/$BS$13*5)/5*13 -> 105.79833 | CU29: 188 | CV29: 273200 | CW29: 0 | CX29: =CV29*$BT$8+CW29*$BS$2 -> 546.4 | CY29: =CX29/6*13 -> 1183.8667 | DD29: 1 | DE29: 26 | DF29: 0.05 | DG29: 5 | DH29: =(DG29*4+DY29*2)*DE29 -> 572 | DI29: =DG29*DF29 -> 0.25 | DJ29: 26 | DK29: 0.05 | DL29: 5 | DM29: =(DL29*4+DY29*2)*DJ29 -> 572 | DN29: =DL29*DK29 -> 0.25 | DO29: 130 | DP29: 0.05 | DQ29: 4 | DR29: =(DQ29*4+DY29*2)*DO29 -> 2340 | DS29: =DQ29*DP29 -> 0.2 | DT29: 20 | DU29: 0.05 | DV29: 4 | DW29: =(DV29*4+DY29*2)*DT29 -> 360 | DX29: =DV29*DU29 -> 0.2 | DY29: 1 | DZ29: =DG29+DL29+DQ29+DV29+DY29 -> 19 | EE29: 数值 | FB29: 27 | FC29: 3000 | FD29: =SUM($FC$3:FC29) -> 52890 | FQ29: 200抽 | FS29: 共计晨星
A30: 19 | B30: =秘宝大作战!D21-秘宝大作战!H21 -> -35960 | C30: =IF(B30<0,-B30,0) -> 35960 | D30: =IF(C30>0,A30*2*60,0) -> 2280 | E30: =IF(C30>0,A30*2*300,0) -> 11400 | F30: =IF(C30-D30-E30>0,C30-D30-E30,0) -> 22280 | J30: =K30*2250-IF(K30<$R$1,0,$R$2)+IF($P$1="是",IF(K30<$P$2,0,1000),0) -> 66100 | K30: 29 | L30: =K30*7+1 -> 204 | M30: 自选奇迹遗物·羽III | N30: =IF($P$1="是",IF(K30<$P$2,M30,IF(K30=$P$2,M31,IF(K30=$P$2+1,M33,M30)))) -> 自选奇迹遗物·羽III | X30: 已有原初 | Y30: 目标档位 | Z30: 原初之星 | AA30: 还需分数 | AD30: 29 | AE30: 70 | AF30: =AF29+AE30 -> 990 | AG30: 副本掉落装备升华率 | AH30: 0.03 | AI30: =COUNTIF(AG$1:AG30,AG30)*AH30 -> 0.24 | AO30: =AF40 -> 1790 | AP30: =AI40 -> 0.2 | AQ30: 3星架子上 | AR30: =1.2*AR24 -> 0.264 | AU30: 28 | AV30: 2536 | AW30: 28 | AX30: 2536 | AY30: 28 | AZ30: 2536 | BZ30: 189 | CA30: =CA29+260 -> 33280 | CB30: =CA30*2 -> 66560 | CC30: =CA30*$BT$5+CB30*$BS$2 -> 399.36 | CD30: =CC30/14*13 -> 370.83429 | CE30: =(CA30/$BS$14*5+CB30/$BS$13*5)/14*13 -> 70.670639 | CG30: 189 | CH30: =CH29+195 -> 24610 | CI30: 0 | CJ30: =CH30*$BT$6+CI30*$BS$2 -> 196.88 | CK30: =CJ30/5*13 -> 511.888 | CL30: =(CH30/$BS$15*5+CI30/$BS$13*5)/5*13 -> 106.64333 | CU30: 189 | CV30: 276750 | CW30: 0 | CX30: =CV30*$BT$8+CW30*$BS$2 -> 553.5 | CY30: =CX30/6*13 -> 1199.25 | DD30: 2 | DE30: 30 | DF30: 0.05 | DG30: 9 | DH30: =(DG30*4+DY30*2)*DE30 -> 1200 | DI30: =DG30*DF30 -> 0.45 | DJ30: 30 | DK30: 0.05 | DL30: 8 | DM30: =(DL30*4+DY30*2)*DJ30 -> 1080 | DN30: =DL30*DK30 -> 0.4 | DO30: 150 | DP30: 0.05 | DQ30: 7 | DR30: =(DQ30*4+DY30*2)*DO30 -> 4800 | DS30: =DQ30*DP30 -> 0.35 | DT30: 24 | DU30: 0.05 | DV30: 8 | DW30: =(DV30*4+DY30*2)*DT30 -> 864 | DX30: =DV30*DU30 -> 0.4 | DY30: 2 | DZ30: =DG30+DL30+DQ30+DV30+DY30 -> 34 | EC30: 合计 | ED30: 攻击力 | EE30: =EE18+EE25+EF25 -> 10.15593 | FB30: 28 | FC30: 3120 | FD30: =SUM($FC$3:FC30) -> 56010 | FQ30: 金 | FR30: 100 | FS30: =(SUM(FR30:FR39)+COUNTA(FQ30:FQ39)*45)*5 -> 4775
A31: 20 | B31: =秘宝大作战!D22-秘宝大作战!H22 -> -38150 | C31: =IF(B31<0,-B31,0) -> 38150 | D31: =IF(C31>0,A31*2*60,0) -> 2400 | E31: =IF(C31>0,A31*2*300,0) -> 12000 | F31: =IF(C31-D31-E31>0,C31-D31-E31,0) -> 23750 | J31: =K31*2250-IF(K31<$R$1,0,$R$2)+IF($P$1="是",IF(K31<$P$2,0,1000),0) -> 68350 | K31: 30 | L31: =K31*7+1 -> 211 | M31: 幸运神像/黄金圣木 | N31: =IF($P$1="是",IF(K31<$P$2,M31,IF(K31=$P$2,M32,IF(K31=$P$2+1,M34,M31)))) -> 幸运神像/黄金圣木 | X31: =羽国星象合约计算器!G2 -> 1138 | Y31: =羽国星象合约计算器!H2 -> 3440 | Z31: =FLOOR(AA29/AA10,1)+AB10 -> 2316 | AA31: =(Y31-AB10-X31)*AA10-AA29 -> -182 | AD31: 30 | AE31: 70 | AF31: =AF30+AE31 -> 1060 | AG31: 宝石获取率 | AH31: 0.05 | AI31: =COUNTIF(AG$1:AG31,AG31)*AH31 -> 0.4 | AO31: =AF44 -> 2240 | AP31: =AI44 -> 0.22 | AQ31: 4星架子上 | AR31: =1.2*AR25 -> 0.312 | AU31: 29 | AV31: 2860 | AW31: 29 | AX31: 2860 | AY31: 29 | AZ31: 2860 | BZ31: 190 | CA31: =CA30+260 -> 33540 | CB31: =CA31*2 -> 67080 | CC31: =CA31*$BT$5+CB31*$BS$2 -> 402.48 | CD31: =CC31/14*13 -> 373.73143 | CE31: =(CA31/$BS$14*5+CB31/$BS$13*5)/14*13 -> 71.222754 | CG31: 190 | CH31: =CH30+190 -> 24800 | CI31: 0 | CJ31: =CH31*$BT$6+CI31*$BS$2 -> 198.4 | CK31: =CJ31/5*13 -> 515.84 | CL31: =(CH31/$BS$15*5+CI31/$BS$13*5)/5*13 -> 107.46667 | CU31: 190 | CV31: 280300 | CW31: 0 | CX31: =CV31*$BT$8+CW31*$BS$2 -> 560.6 | CY31: =CX31/6*13 -> 1214.6333 | DD31: 3 | DE31: 36 | DF31: 0.05 | DG31: 6 | DH31: =(DG31*4+DY31*2)*DE31 -> 1008 | DI31: =DG31*DF31 -> 0.3 | DJ31: 36 | DK31: 0.05 | DL31: 9 | DM31: =(DL31*4+DY31*2)*DJ31 -> 1440 | DN31: =DL31*DK31 -> 0.45 | DO31: 180 | DP31: 0.05 | DQ31: 9 | DR31: =(DQ31*4+DY31*2)*DO31 -> 7200 | DS31: =DQ31*DP31 -> 0.45 | DT31: 28 | DU31: 0.05 | DV31: 8 | DW31: =(DV31*4+DY31*2)*DT31 -> 1008 | DX31: =DV31*DU31 -> 0.4 | DY31: 2 | DZ31: =DG31+DL31+DQ31+DV31+DY31 -> 34 | ED31: 防御力 | EE31: =EE19+EE26+EF26 -> 9.8353376 | FB31: 29 | FC31: 3240 | FD31: =SUM($FC$3:FC31) -> 59250 | FQ31: 橙 | FR31: 45
A32: 21 | B32: =秘宝大作战!D23-秘宝大作战!H23 -> -39140 | C32: =IF(B32<0,-B32,0) -> 39140 | D32: =IF(C32>0,A32*2*60,0) -> 2520 | E32: =IF(C32>0,A32*2*300,0) -> 12600 | F32: =IF(C32-D32-E32>0,C32-D32-E32,0) -> 24020 | J32: =K32*2250-IF(K32<$R$1,0,$R$2)+IF($P$1="是",IF(K32<$P$2,0,1000),0) -> 70600 | K32: 31 | L32: =K32*7+1 -> 218 | M32: 6阶技能碎片*180 | N32: =IF($P$1="是",IF(K32<$P$2,M32,IF(K32=$P$2,M33,IF(K32=$P$2+1,M35,M32)))) -> 6阶技能碎片*180 | AD32: 31 | AE32: 70 | AF32: =AF31+AE32 -> 1130 | AG32: 副本评价奖励翻倍概率 | AH32: 0.02 | AI32: =COUNTIF(AG$1:AG32,AG32)*AH32 -> 0.16 | AO32: =AF48 -> 2750 | AP32: =AI48 -> 0.24 | AQ32: 5星架子上 | AR32: =1.2*AR26 -> 0.36 | AU32: 30 | AV32: 2995 | AW32: 30 | AX32: 2995 | AY32: 30 | AZ32: 2995 | BZ32: 191 | CA32: =CA31+260 -> 33800 | CB32: =CA32*2 -> 67600 | CC32: =CA32*$BT$5+CB32*$BS$2 -> 405.6 | CD32: =CC32/14*13 -> 376.62857 | CE32: =(CA32/$BS$14*5+CB32/$BS$13*5)/14*13 -> 71.774868 | CG32: 191 | CH32: =CH31+195 -> 24995 | CI32: 0 | CJ32: =CH32*$BT$6+CI32*$BS$2 -> 199.96 | CK32: =CJ32/5*13 -> 519.896 | CL32: =(CH32/$BS$15*5+CI32/$BS$13*5)/5*13 -> 108.31167 | CU32: 191 | CV32: 283850 | CW32: 0 | CX32: =CV32*$BT$8+CW32*$BS$2 -> 567.7 | CY32: =CX32/6*13 -> 1230.0167 | DD32: 4 | DE32: 42 | DF32: 0.05 | DG32: 9 | DH32: =(DG32*4+DY32*2)*DE32 -> 1680 | DI32: =DG32*DF32 -> 0.45 | DJ32: 42 | DK32: 0.05 | DL32: 8 | DM32: =(DL32*4+DY32*2)*DJ32 -> 1512 | DN32: =DL32*DK32 -> 0.4 | DO32: 210 | DP32: 0.05 | DQ32: 8 | DR32: =(DQ32*4+DY32*2)*DO32 -> 7560 | DS32: =DQ32*DP32 -> 0.4 | DT32: 33 | DU32: 0.05 | DV32: 7 | DW32: =(DV32*4+DY32*2)*DT32 -> 1056 | DX32: =DV32*DU32 -> 0.35 | DY32: 2 | DZ32: =DG32+DL32+DQ32+DV32+DY32 -> 34 | ED32: 生命值 | EE32: =EE20+EE27+EF27 -> 45.977296 | FB32: 30 | FC32: 3330 | FD32: =SUM($FC$3:FC32) -> 62580 | FQ32: 橙 | FR32: 45
A33: 22 | B33: =秘宝大作战!D24-秘宝大作战!H24 -> -36890 | C33: =IF(B33<0,-B33,0) -> 36890 | D33: =IF(C33>0,A33*2*60,0) -> 2640 | E33: =IF(C33>0,A33*2*300,0) -> 13200 | F33: =IF(C33-D33-E33>0,C33-D33-E33,0) -> 21050 | J33: =K33*2250-IF(K33<$R$1,0,$R$2)+IF($P$1="是",IF(K33<$P$2,0,1000),0) -> 72850 | K33: 32 | L33: =K33*7+1 -> 225 | M33: 原初宝石/贤者之石/秘宝探测仪 | N33: =IF($P$1="是",IF(K33<$P$2,M33,IF(K33=$P$2,M34,IF(K33=$P$2+1,M36,M33)))) -> 原初宝石/贤者之石/秘宝探测仪 | V33: 哈帕迪计算 | AD33: 32 | AE33: 70 | AF33: =AF32+AE33 -> 1200 | AG33: 经验获取加成 | AH33: 0.02 | AI33: =COUNTIF(AG$1:AG33,AG33)*AH33 -> 0.16 | AO33: =AF52 -> 3300 | AP33: =AI52 -> 0.26 | AU33: 31 | AV33: 3607 | AW33: 31 | AX33: 3607 | AY33: 31 | AZ33: 3607 | BZ33: 192 | CA33: =CA32+260 -> 34060 | CB33: =CA33*2 -> 68120 | CC33: =CA33*$BT$5+CB33*$BS$2 -> 408.72 | CD33: =CC33/14*13 -> 379.52571 | CE33: =(CA33/$BS$14*5+CB33/$BS$13*5)/14*13 -> 72.326982 | CG33: 192 | CH33: =CH32+190 -> 25185 | CI33: 0 | CJ33: =CH33*$BT$6+CI33*$BS$2 -> 201.48 | CK33: =CJ33/5*13 -> 523.848 | CL33: =(CH33/$BS$15*5+CI33/$BS$13*5)/5*13 -> 109.135 | CU33: 192 | CV33: 287400 | CW33: 0 | CX33: =CV33*$BT$8+CW33*$BS$2 -> 574.8 | CY33: =CX33/6*13 -> 1245.4 | DD33: 5 | DE33: 42 | DF33: 0.05 | DG33: 9 | DH33: =(DG33*4+DY33*2)*DE33 -> 1680 | DI33: =DG33*DF33 -> 0.45 | DJ33: 42 | DK33: 0.05 | DL33: 8 | DM33: =(DL33*4+DY33*2)*DJ33 -> 1512 | DN33: =DL33*DK33 -> 0.4 | DO33: 210 | DP33: 0.05 | DQ33: 8 | DR33: =(DQ33*4+DY33*2)*DO33 -> 7560 | DS33: =DQ33*DP33 -> 0.4 | DT33: 33 | DU33: 0.05 | DV33: 7 | DW33: =(DV33*4+DY33*2)*DT33 -> 1056 | DX33: =DV33*DU33 -> 0.35 | DY33: 2 | DZ33: =DG33+DL33+DQ33+DV33+DY33 -> 34 | ED33: 速度 | EE33: =EE21+EE28+EF28 -> 7.5999552 | FB33: 31 | FC33: 3420 | FD33: =SUM($FC$3:FC33) -> 66000 | FQ33: 橙 | FR33: 45
A34: 23 | B34: =秘宝大作战!D25-秘宝大作战!H25 -> -40280 | C34: =IF(B34<0,-B34,0) -> 40280 | D34: =IF(C34>0,A34*2*60,0) -> 2760 | E34: =IF(C34>0,A34*2*300,0) -> 13800 | F34: =IF(C34-D34-E34>0,C34-D34-E34,0) -> 23720 | J34: =K34*2250-IF(K34<$R$1,0,$R$2)+IF($P$1="是",IF(K34<$P$2,0,1000),0) -> 75100 | K34: 33 | L34: =K34*7+1 -> 232 | M34: 自选奇迹遗物·哈I | N34: =IF($P$1="是",IF(K34<$P$2,M34,IF(K34=$P$2,M35,IF(K34=$P$2+1,M37,M34)))) -> 自选奇迹遗物·哈I | V34: 角色等级 | W34: 装备强化等级 | X34: 技能强化等级 | Y34: 古遗物强化等级 | Z34: 幻兽等级 | AA34: 总分 | AD34: 33 | AE34: 80 | AF34: =AF33+AE34 -> 1280 | AG34: 副本掉落装备升华率 | AH34: 0.03 | AI34: =COUNTIF(AG$1:AG34,AG34)*AH34 -> 0.27 | AO34: =AF56 -> 3890 | AP34: =AI56 -> 0.28 | AU34: 32 | AV34: 3794 | AW34: 32 | AX34: 3794 | AY34: 32 | AZ34: 3794 | BR34: ="你目前的装备等级由"&BS26&"升到"&BS27&",获取一颗原初之星需要消耗价值"&BS28&"晨星的资源，或消耗"&BS29&"体力挖取" -> 你目前的装备等级由280升到281,获取一颗原初之星需要消耗价值637.4晨星的资源，或消耗121.5体力挖取 | BS34: ="你目前的技能等级由"&BT26&"升到"&BT27&",获取一颗原初之星需要消耗价值"&BT28&"晨星的资源，或消耗"&BT29&"体力挖取" -> 你目前的技能等级由230升到231,获取一颗原初之星需要消耗价值679.8晨星的资源，或消耗141.6体力挖取 | BT34: ="你目前的遗物等级由"&BU26&" 升到"&BU27&" ,获取一颗原初之星需要消耗价值"&BU28&"晨星的资源，或消耗"&BU29&"体力挖取" -> 你目前的遗物等级由27 升到28 ,获取一颗原初之星需要消耗价值833.2晨星的资源，或消耗158.8体力挖取 | BU34: ="你目前的幻兽等级由"&BV26&"升到"&BV27&",获取一颗原初之星需要消耗价值"&BV28&"晨星的资源" -> 你目前的幻兽等级由210升到211,获取一颗原初之星需要消耗价值1536.8晨星的资源 | BZ34: 193 | CA34: =CA33+260 -> 34320 | CB34: =CA34*2 -> 68640 | CC34: =CA34*$BT$5+CB34*$BS$2 -> 411.84 | CD34: =CC34/14*13 -> 382.42286 | CE34: =(CA34/$BS$14*5+CB34/$BS$13*5)/14*13 -> 72.879097 | CG34: 193 | CH34: =CH33+195 -> 25380 | CI34: 0 | CJ34: =CH34*$BT$6+CI34*$BS$2 -> 203.04 | CK34: =CJ34/5*13 -> 527.904 | CL34: =(CH34/$BS$15*5+CI34/$BS$13*5)/5*13 -> 109.98 | CU34: 193 | CV34: 290950 | CW34: 0 | CX34: =CV34*$BT$8+CW34*$BS$2 -> 581.9 | CY34: =CX34/6*13 -> 1260.7833 | DD34: 6 | DE34: 48 | DF34: 0.05 | DG34: 8 | DH34: =(DG34*4+DY34*2)*DE34 -> 1728 | DI34: =DG34*DF34 -> 0.4 | DJ34: 48 | DK34: 0.05 | DL34: 8 | DM34: =(DL34*4+DY34*2)*DJ34 -> 1728 | DN34: =DL34*DK34 -> 0.4 | DO34: 240 | DP34: 0.05 | DQ34: 9 | DR34: =(DQ34*4+DY34*2)*DO34 -> 9600 | DS34: =DQ34*DP34 -> 0.45 | DT34: 38 | DU34: 0.05 | DV34: 7 | DW34: =(DV34*4+DY34*2)*DT34 -> 1216 | DX34: =DV34*DU34 -> 0.35 | DY34: 2 | DZ34: =DG34+DL34+DQ34+DV34+DY34 -> 34 | FB34: 32 | FC34: 3510 | FD34: =SUM($FC$3:FC34) -> 69510 | FQ34: 女神 | FR34: 45
A35: 24 | B35: =秘宝大作战!D26-秘宝大作战!H26 -> -38030 | C35: =IF(B35<0,-B35,0) -> 38030 | D35: =IF(C35>0,A35*2*60,0) -> 2880 | E35: =IF(C35>0,A35*2*300,0) -> 14400 | F35: =IF(C35-D35-E35>0,C35-D35-E35,0) -> 20750 | J35: =K35*2250-IF(K35<$R$1,0,$R$2)+IF($P$1="是",IF(K35<$P$2,0,1000),0) -> 77350 | K35: 34 | L35: =K35*7+1 -> 239 | M35: 幸运神像/黄金圣木/无尽沙漏 | N35: =IF($P$1="是",IF(K35<$P$2,M35,IF(K35=$P$2,M36,IF(K35=$P$2+1,M38,M35)))) -> 幸运神像/黄金圣木/无尽沙漏 | V35: =(哈帕迪星象合约计算器!B2-190)*V13 -> 9000 | W35: =(SUM(哈帕迪星象合约计算器!B4:C6)-5*190)*W13 -> 8925 | X35: =(SUM(哈帕迪星象合约计算器!B8:C11)-8*190)*X13 -> 3600 | Y35: =(SUM(哈帕迪星象合约计算器!B13:E17)-20*19)*Y13 -> 6720 | Z35: =(SUM(哈帕迪星象合约计算器!B19:E19)-4*190)*Z13 -> 3223 | AA35: =SUM(V35:Z35) -> 31468 | AD35: 34 | AE35: 80 | AF35: =AF34+AE35 -> 1360 | AG35: 宝石获取率 | AH35: 0.05 | AI35: =COUNTIF(AG$1:AG35,AG35)*AH35 -> 0.45 | AO35: =AF60 -> 4520 | AP35: =AI60 -> 0.3 | AU35: 33 | AV35: 3876 | AW35: 33 | AX35: 3876 | AY35: 33 | AZ35: 3876 | BZ35: 194 | CA35: =CA34+260 -> 34580 | CB35: =CA35*2 -> 69160 | CC35: =CA35*$BT$5+CB35*$BS$2 -> 414.96 | CD35: =CC35/14*13 -> 385.32 | CE35: =(CA35/$BS$14*5+CB35/$BS$13*5)/14*13 -> 73.431211 | CG35: 194 | CH35: =CH34+190 -> 25570 | CI35: 0 | CJ35: =CH35*$BT$6+CI35*$BS$2 -> 204.56 | CK35: =CJ35/5*13 -> 531.856 | CL35: =(CH35/$BS$15*5+CI35/$BS$13*5)/5*13 -> 110.80333 | CU35: 194 | CV35: 294500 | CW35: 0 | CX35: =CV35*$BT$8+CW35*$BS$2 -> 589 | CY35: =CX35/6*13 -> 1276.1667 | DD35: 7 | DE35: 48 | DF35: 0.05 | DG35: 9 | DH35: =(DG35*4+DY35*2)*DE35 -> 1920 | DI35: =DG35*DF35 -> 0.45 | DJ35: 48 | DK35: 0.05 | DL35: 6 | DM35: =(DL35*4+DY35*2)*DJ35 -> 1344 | DN35: =DL35*DK35 -> 0.3 | DO35: 240 | DP35: 0.05 | DQ35: 9 | DR35: =(DQ35*4+DY35*2)*DO35 -> 9600 | DS35: =DQ35*DP35 -> 0.45 | DT35: 38 | DU35: 0.05 | DV35: 8 | DW35: =(DV35*4+DY35*2)*DT35 -> 1368 | DX35: =DV35*DU35 -> 0.4 | DY35: 2 | DZ35: =DG35+DL35+DQ35+DV35+DY35 -> 34 | FB35: 33 | FC35: 3600 | FD35: =SUM($FC$3:FC35) -> 73110 | FQ35: 橙 | FR35: 45
A36: 25 | B36: =秘宝大作战!D27-秘宝大作战!H27 -> -41420 | C36: =IF(B36<0,-B36,0) -> 41420 | D36: =IF(C36>0,A36*2*60,0) -> 3000 | E36: =IF(C36>0,A36*2*300,0) -> 15000 | F36: =IF(C36-D36-E36>0,C36-D36-E36,0) -> 23420 | J36: =K36*2250-IF(K36<$R$1,0,$R$2)+IF($P$1="是",IF(K36<$P$2,0,1000),0) -> 79600 | K36: 35 | L36: =K36*7+1 -> 246 | M36: 6阶技能碎片*180 | N36: =IF($P$1="是",IF(K36<$P$2,M36,IF(K36=$P$2,M37,IF(K36=$P$2+1,M39,M36)))) -> 6阶技能碎片*180 | X36: 已有原初 | Y36: 目标档位 | Z36: 原初之星 | AA36: 还需分数 | AD36: 35 | AE36: 80 | AF36: =AF35+AE36 -> 1440 | AG36: 副本评价奖励翻倍概率 | AH36: 0.02 | AI36: =COUNTIF(AG$1:AG36,AG36)*AH36 -> 0.18 | AO36: =AF64 -> 5220 | AP36: =AI64 -> 0.32 | AU36: 34 | AV36: 3996 | AW36: 34 | AX36: 3996 | AY36: 34 | AZ36: 3996 | BZ36: 195 | CA36: =CA35+260 -> 34840 | CB36: =CA36*2 -> 69680 | CC36: =CA36*$BT$5+CB36*$BS$2 -> 418.08 | CD36: =CC36/14*13 -> 388.21714 | CE36: =(CA36/$BS$14*5+CB36/$BS$13*5)/14*13 -> 73.983325 | CG36: 195 | CH36: =CH35+195 -> 25765 | CI36: 0 | CJ36: =CH36*$BT$6+CI36*$BS$2 -> 206.12 | CK36: =CJ36/5*13 -> 535.912 | CL36: =(CH36/$BS$15*5+CI36/$BS$13*5)/5*13 -> 111.64833 | CU36: 195 | CV36: 298050 | CW36: 0 | CX36: =CV36*$BT$8+CW36*$BS$2 -> 596.1 | CY36: =CX36/6*13 -> 1291.55 | DD36: 8 | DE36: 48 | DF36: 0.05 | DG36: 8 | DH36: =(DG36*4+DY36*2)*DE36 -> 1728 | DI36: =DG36*DF36 -> 0.4 | DJ36: 48 | DK36: 0.05 | DL36: 9 | DM36: =(DL36*4+DY36*2)*DJ36 -> 1920 | DN36: =DL36*DK36 -> 0.45 | DO36: 240 | DP36: 0.05 | DQ36: 7 | DR36: =(DQ36*4+DY36*2)*DO36 -> 7680 | DS36: =DQ36*DP36 -> 0.35 | DT36: 38 | DU36: 0.05 | DV36: 8 | DW36: =(DV36*4+DY36*2)*DT36 -> 1368 | DX36: =DV36*DU36 -> 0.4 | DY36: 2 | DZ36: =DG36+DL36+DQ36+DV36+DY36 -> 34 | FB36: 34 | FC36: 3720 | FD36: =SUM($FC$3:FC36) -> 76830 | FQ36: 橙 | FR36: 45
A37: 26 | B37: =秘宝大作战!D28-秘宝大作战!H28 -> -39170 | C37: =IF(B37<0,-B37,0) -> 39170 | D37: =IF(C37>0,A37*2*60,0) -> 3120 | E37: =IF(C37>0,A37*2*300,0) -> 15600 | F37: =IF(C37-D37-E37>0,C37-D37-E37,0) -> 20450 | J37: =K37*2250-IF(K37<$R$1,0,$R$2)+IF($P$1="是",IF(K37<$P$2,0,1000),0) -> 81850 | K37: 36 | L37: =K37*7+1 -> 253 | M37: 原初宝石/贤者之石/秘宝探测仪 | N37: =IF($P$1="是",IF(K37<$P$2,M37,IF(K37=$P$2,M38,IF(K37=$P$2+1,M40,M37)))) -> 原初宝石/贤者之石/秘宝探测仪 | X37: =哈帕迪星象合约计算器!G2 -> 4040 | Y37: =哈帕迪星象合约计算器!H2 -> 9080 | Z37: =FLOOR(AA35/AA13,1)+AB13 -> 4615 | AA37: =(Y37-AB13-X37)*AA13-AA35 -> 2972 | AD37: 36 | AE37: 80 | AF37: =AF36+AE37 -> 1520 | AG37: 经验获取加成 | AH37: 0.02 | AI37: =COUNTIF(AG$1:AG37,AG37)*AH37 -> 0.18 | AO37: =AF68 -> 6000 | AP37: =AI68 -> 0.34 | AU37: 35 | AV37: 4261 | AW37: 35 | AX37: 4261 | AY37: 35 | AZ37: 4261 | BZ37: 196 | CA37: =CA36+260 -> 35100 | CB37: =CA37*2 -> 70200 | CC37: =CA37*$BT$5+CB37*$BS$2 -> 421.2 | CD37: =CC37/14*13 -> 391.11429 | CE37: =(CA37/$BS$14*5+CB37/$BS$13*5)/14*13 -> 74.53544 | CG37: 196 | CH37: =CH36+190 -> 25955 | CI37: 0 | CJ37: =CH37*$BT$6+CI37*$BS$2 -> 207.64 | CK37: =CJ37/5*13 -> 539.864 | CL37: =(CH37/$BS$15*5+CI37/$BS$13*5)/5*13 -> 112.47167 | CU37: 196 | CV37: 301600 | CW37: 0 | CX37: =CV37*$BT$8+CW37*$BS$2 -> 603.2 | CY37: =CX37/6*13 -> 1306.9333 | FB37: 35 | FC37: 3840 | FD37: =SUM($FC$3:FC37) -> 80670 | FQ37: 橙 | FR37: 45
A38: 27 | B38: =秘宝大作战!D29-秘宝大作战!H29 -> -42560 | C38: =IF(B38<0,-B38,0) -> 42560 | D38: =IF(C38>0,A38*2*60,0) -> 3240 | E38: =IF(C38>0,A38*2*300,0) -> 16200 | F38: =IF(C38-D38-E38>0,C38-D38-E38,0) -> 23120 | J38: =K38*2250-IF(K38<$R$1,0,$R$2)+IF($P$1="是",IF(K38<$P$2,0,1000),0) -> 84100 | K38: 37 | L38: =K38*7+1 -> 260 | M38: 自选奇迹遗物·哈II | N38: =IF($P$1="是",IF(K38<$P$2,M38,IF(K38=$P$2,M39,IF(K38=$P$2+1,M41,M38)))) -> 自选奇迹遗物·哈II | AD38: 37 | AE38: 90 | AF38: =AF37+AE38 -> 1610 | AG38: 副本掉落装备升华率 | AH38: 0.03 | AI38: =COUNTIF(AG$1:AG38,AG38)*AH38 -> 0.3 | AO38: =AF72 -> 6860 | AP38: =AI72 -> 0.36 | AU38: 36 | AV38: 4289 | AW38: 36 | AX38: 4289 | AY38: 36 | AZ38: 4289 | BZ38: 197 | CA38: =CA37+260 -> 35360 | CB38: =CA38*2 -> 70720 | CC38: =CA38*$BT$5+CB38*$BS$2 -> 424.32 | CD38: =CC38/14*13 -> 394.01143 | CE38: =(CA38/$BS$14*5+CB38/$BS$13*5)/14*13 -> 75.087554 | CG38: 197 | CH38: =CH37+195 -> 26150 | CI38: 0 | CJ38: =CH38*$BT$6+CI38*$BS$2 -> 209.2 | CK38: =CJ38/5*13 -> 543.92 | CL38: =(CH38/$BS$15*5+CI38/$BS$13*5)/5*13 -> 113.31667 | CU38: 197 | CV38: 305150 | CW38: 0 | CX38: =CV38*$BT$8+CW38*$BS$2 -> 610.3 | CY38: =CX38/6*13 -> 1322.3167 | FB38: 36 | FC38: 3960 | FD38: =SUM($FC$3:FC38) -> 84630 | FQ38: 女神 | FR38: 45
A39: 28 | B39: =秘宝大作战!D30-秘宝大作战!H30 -> -44750 | C39: =IF(B39<0,-B39,0) -> 44750 | D39: =IF(C39>0,A39*2*60,0) -> 3360 | E39: =IF(C39>0,A39*2*300,0) -> 16800 | F39: =IF(C39-D39-E39>0,C39-D39-E39,0) -> 24590 | J39: =K39*2250-IF(K39<$R$1,0,$R$2)+IF($P$1="是",IF(K39<$P$2,0,1000),0) -> 86350 | K39: 38 | L39: =K39*7+1 -> 267 | M39: 幸运神像/黄金圣木/无尽沙漏 | N39: =IF($P$1="是",IF(K39<$P$2,M39,IF(K39=$P$2,M40,IF(K39=$P$2+1,M42,M39)))) -> 幸运神像/黄金圣木/无尽沙漏 | AD39: 38 | AE39: 90 | AF39: =AF38+AE39 -> 1700 | AG39: 宝石获取率 | AH39: 0.05 | AI39: =COUNTIF(AG$1:AG39,AG39)*AH39 -> 0.5 | AO39: =AF76 -> 7800 | AP39: =AI76 -> 0.38 | AU39: 37 | AV39: 4510 | AW39: 37 | AX39: 4510 | AY39: 37 | AZ39: 4510 | BZ39: 198 | CA39: =CA38+260 -> 35620 | CB39: =CA39*2 -> 71240 | CC39: =CA39*$BT$5+CB39*$BS$2 -> 427.44 | CD39: =CC39/14*13 -> 396.90857 | CE39: =(CA39/$BS$14*5+CB39/$BS$13*5)/14*13 -> 75.639669 | CG39: 198 | CH39: =CH38+190 -> 26340 | CI39: 0 | CJ39: =CH39*$BT$6+CI39*$BS$2 -> 210.72 | CK39: =CJ39/5*13 -> 547.872 | CL39: =(CH39/$BS$15*5+CI39/$BS$13*5)/5*13 -> 114.14 | CU39: 198 | CV39: 308700 | CW39: 0 | CX39: =CV39*$BT$8+CW39*$BS$2 -> 617.4 | CY39: =CX39/6*13 -> 1337.7 | FB39: 37 | FC39: 4080 | FD39: =SUM($FC$3:FC39) -> 88710 | FQ39: 橙 | FR39: 45
A40: 29 | B40: =秘宝大作战!D31-秘宝大作战!H31 -> -48140 | C40: =IF(B40<0,-B40,0) -> 48140 | D40: =IF(C40>0,A40*2*60,0) -> 3480 | E40: =IF(C40>0,A40*2*300,0) -> 17400 | F40: =IF(C40-D40-E40>0,C40-D40-E40,0) -> 27260 | J40: =K40*2250-IF(K40<$R$1,0,$R$2)+IF($P$1="是",IF(K40<$P$2,0,1000),0) -> 88600 | K40: 39 | L40: =K40*7+1 -> 274 | M40: 6阶技能碎片*180 | N40: =IF($P$1="是",IF(K40<$P$2,M40,IF(K40=$P$2,M41,IF(K40=$P$2+1,M43,M40)))) -> 6阶技能碎片*180 | AD40: 39 | AE40: 90 | AF40: =AF39+AE40 -> 1790 | AG40: 副本评价奖励翻倍概率 | AH40: 0.02 | AI40: =COUNTIF(AG$1:AG40,AG40)*AH40 -> 0.2 | AO40: =AF80 -> 8820 | AP40: =AI80 -> 0.4 | AU40: 38 | AV40: 4928 | AW40: 38 | AX40: 4928 | AY40: 38 | AZ40: 4928 | BZ40: 199 | CA40: =CA39+260 -> 35880 | CB40: =CA40*2 -> 71760 | CC40: =CA40*$BT$5+CB40*$BS$2 -> 430.56 | CD40: =CC40/14*13 -> 399.80571 | CE40: =(CA40/$BS$14*5+CB40/$BS$13*5)/14*13 -> 76.191783 | CG40: 199 | CH40: =CH39+195 -> 26535 | CI40: 0 | CJ40: =CH40*$BT$6+CI40*$BS$2 -> 212.28 | CK40: =CJ40/5*13 -> 551.928 | CL40: =(CH40/$BS$15*5+CI40/$BS$13*5)/5*13 -> 114.985 | CU40: 199 | CV40: 312250 | CW40: 0 | CX40: =CV40*$BT$8+CW40*$BS$2 -> 624.5 | CY40: =CX40/6*13 -> 1353.0833 | FB40: 38 | FC40: 4200 | FD40: =SUM($FC$3:FC40) -> 92910
A41: 30 | B41: =秘宝大作战!D32-秘宝大作战!H32 -> -49130 | C41: =IF(B41<0,-B41,0) -> 49130 | D41: =IF(C41>0,A41*2*60,0) -> 3600 | E41: =IF(C41>0,A41*2*300,0) -> 18000 | F41: =IF(C41-D41-E41>0,C41-D41-E41,0) -> 27530 | J41: =K41*2250-IF(K41<$R$1,0,$R$2)+IF($P$1="是",IF(K41<$P$2,0,1000),0) -> 90850 | K41: 40 | L41: =K41*7+1 -> 281 | M41: 原初宝石/贤者之石/秘宝探测仪 | N41: =IF($P$1="是",IF(K41<$P$2,M41,IF(K41=$P$2,M42,IF(K41=$P$2+1,M44,M41)))) -> 原初宝石/贤者之石/秘宝探测仪 | AD41: 40 | AE41: 90 | AF41: =AF40+AE41 -> 1880 | AG41: 经验获取加成 | AH41: 0.02 | AI41: =COUNTIF(AG$1:AG41,AG41)*AH41 -> 0.2 | AO41: =AF84 -> 9920 | AP41: =AI84 -> 0.42 | AU41: 39 | AV41: 5086 | AW41: 39 | AX41: 5086 | AY41: 39 | AZ41: 5086 | BZ41: 200 | CA41: =CA40+260 -> 36140 | CB41: =CA41*2 -> 72280 | CC41: =CA41*$BT$5+CB41*$BS$2 -> 433.68 | CD41: =CC41/14*13 -> 402.70286 | CE41: =(CA41/$BS$14*5+CB41/$BS$13*5)/14*13 -> 76.743897 | CG41: 200 | CH41: =CH40+190 -> 26725 | CI41: 0 | CJ41: =CH41*$BT$6+CI41*$BS$2 -> 213.8 | CK41: =CJ41/5*13 -> 555.88 | CL41: =(CH41/$BS$15*5+CI41/$BS$13*5)/5*13 -> 115.80833 | CU41: 200 | CV41: 315800 | CW41: 0 | CX41: =CV41*$BT$8+CW41*$BS$2 -> 631.6 | CY41: =CX41/6*13 -> 1368.4667 | EB41: 5 | EC41: 选择幻兽品质 | ED41: =属性晨星性价比!S17 -> 传说 | EE41: 占位 | EF41: =IF(ED41="奇迹",1.2,IF(ED41="传说",1.1,1)) -> 1.1 | EH41: 6 | EI41: 选择幻兽品质 | EJ41: =属性晨星性价比!W17 -> 传说 | EK41: 占位 | EL41: =IF(EJ41="奇迹",1.2,IF(EJ41="传说",1.1,1)) -> 1.1 | EN41: 7 | EO41: 选择幻兽品质 | EP41: =属性晨星性价比!AA17 -> 史诗 | EQ41: 占位 | ER41: =IF(EP41="奇迹",1.2,1.1) -> 1.1 | ET41: 8 | EU41: 选择幻兽品质 | EV41: =属性晨星性价比!AE17 -> 奇迹 | EW41: 占位 | EX41: =IF(EV41="奇迹",1.2,IF(EV41="传说",1.1,1)) -> 1.2 | FB41: 39 | FC41: 4320 | FD41: =SUM($FC$3:FC41) -> 97230
A42: 31 | B42: =秘宝大作战!D33-秘宝大作战!H33 -> -50120 | C42: =IF(B42<0,-B42,0) -> 50120 | D42: =IF(C42>0,A42*2*60,0) -> 3720 | E42: =IF(C42>0,A42*2*300,0) -> 18600 | F42: =IF(C42-D42-E42>0,C42-D42-E42,0) -> 27800 | J42: =K42*2250-IF(K42<$R$1,0,$R$2)+IF($P$1="是",IF(K42<$P$2,0,1000),0) -> 93100 | K42: 41 | L42: =K42*7+1 -> 288 | M42: 自选奇迹遗物·哈III | N42: =IF($P$1="是",IF(K42<$P$2,M42,IF(K42=$P$2,M43,IF(K42=$P$2+1,M45,M42)))) -> 自选奇迹遗物·哈III | AD42: 41 | AE42: 120 | AF42: =AF41+AE42 -> 2000 | AG42: 副本掉落装备升华率 | AH42: 0.03 | AI42: =COUNTIF(AG$1:AG42,AG42)*AH42 -> 0.33 | AO42: =AF88 -> 11100 | AP42: =AI88 -> 0.44 | AU42: 40 | AV42: 17203 | AW42: 40 | AX42: 17203 | AY42: 40 | AZ42: 17203 | BZ42: 201 | CA42: =CA41+260 -> 36400 | CB42: =CA42*2 -> 72800 | CC42: =CA42*$BT$5+CB42*$BS$2 -> 436.8 | CD42: =CC42/14*13 -> 405.6 | CE42: =(CA42/$BS$14*5+CB42/$BS$13*5)/14*13 -> 77.296012 | CG42: 201 | CH42: =CH41+195-5 -> 26915 | CI42: 0 | CJ42: =CH42*$BT$6+CI42*$BS$2 -> 215.32 | CK42: =CJ42/5*13 -> 559.832 | CL42: =(CH42/$BS$15*5+CI42/$BS$13*5)/5*13 -> 116.63167 | CU42: 201 | CV42: 319350 | CW42: 0 | CX42: =CV42*$BT$8+CW42*$BS$2 -> 638.7 | CY42: =CX42/6*13 -> 1383.85 | EC42: 当前幻兽同调率 | ED42: =属性晨星性价比!S18 -> 0.69 | EF42: 实际面板 | EI42: 当前幻兽同调率 | EJ42: =属性晨星性价比!W18 -> 0.62 | EL42: 实际面板 | EO42: 当前幻兽同调率 | EP42: =属性晨星性价比!AA18 -> 0.6 | ER42: 实际面板 | EU42: 当前幻兽同调率 | EV42: =属性晨星性价比!AE18 -> 0.2 | EX42: 实际面板 | FB42: 40 | FC42: 4440 | FD42: =SUM($FC$3:FC42) -> 101670
A43: 32 | B43: =秘宝大作战!D34-秘宝大作战!H34 -> -51110 | C43: =IF(B43<0,-B43,0) -> 51110 | D43: =IF(C43>0,A43*2*60,0) -> 3840 | E43: =IF(C43>0,A43*2*300,0) -> 19200 | F43: =IF(C43-D43-E43>0,C43-D43-E43,0) -> 28070 | J43: =K43*2250-IF(K43<$R$1,0,$R$2)+IF($P$1="是",IF(K43<$P$2,0,1000),0) -> 95350 | K43: 42 | L43: =K43*7+1 -> 295 | M43: 幸运神像/黄金圣木/无尽沙漏 | N43: =IF($P$1="是",IF(K43<$P$2,M43,IF(K43=$P$2,M44,IF(K43=$P$2+1,M46,M43)))) -> 幸运神像/黄金圣木/无尽沙漏 | AD43: 42 | AE43: 120 | AF43: =AF42+AE43 -> 2120 | AG43: 宝石获取率 | AH43: 0.05 | AI43: =COUNTIF(AG$1:AG43,AG43)*AH43 -> 0.55 | AU43: 41 | AV43: 19189 | AW43: 41 | AX43: 19189 | AY43: 41 | AZ43: 19189 | BZ43: 202 | CA43: =CA42+260 -> 36660 | CB43: =CA43*2 -> 73320 | CC43: =CA43*$BT$5+CB43*$BS$2 -> 439.92 | CD43: =CC43/14*13 -> 408.49714 | CE43: =(CA43/$BS$14*5+CB43/$BS$13*5)/14*13 -> 77.848126 | CG43: 202 | CH43: =CH42+190 -> 27105 | CI43: 0 | CJ43: =CH43*$BT$6+CI43*$BS$2 -> 216.84 | CK43: =CJ43/5*13 -> 563.784 | CL43: =(CH43/$BS$15*5+CI43/$BS$13*5)/5*13 -> 117.455 | CU43: 202 | CV43: 322900 | CW43: 0 | CX43: =CV43*$BT$8+CW43*$BS$2 -> 645.8 | CY43: =CX43/6*13 -> 1399.2333 | EC43: 当前重置后幻兽面板 | ED43: 攻击力 | EE43: =属性晨星性价比!S19 -> 5.9 | EF43: =EE43/ED$42 -> 8.5507246 | EI43: 当前重置后幻兽面板 | EJ43: 攻击力 | EK43: =属性晨星性价比!W19 -> 5.3 | EL43: =EK43/EJ$42 -> 8.5483871 | EO43: 当前重置后幻兽面板 | EP43: 攻击力 | EQ43: =属性晨星性价比!AA19 -> 3.91 | ER43: =EQ43/EP$42 -> 6.5166667 | EU43: 当前重置后幻兽面板 | EV43: 攻击力 | EW43: =属性晨星性价比!AE19 -> 2.58 | EX43: =EW43/EV$42 -> 12.9 | FB43: 41 | FC43: 4560 | FD43: =SUM($FC$3:FC43) -> 106230
A44: 33 | B44: =秘宝大作战!D35-秘宝大作战!H35 -> -52100 | C44: =IF(B44<0,-B44,0) -> 52100 | D44: =IF(C44>0,A44*2*60,0) -> 3960 | E44: =IF(C44>0,A44*2*300,0) -> 19800 | F44: =IF(C44-D44-E44>0,C44-D44-E44,0) -> 28340 | J44: =K44*2250-IF(K44<$R$1,0,$R$2)+IF($P$1="是",IF(K44<$P$2,0,1000),0) -> 97600 | K44: 43 | L44: =K44*7+1 -> 302 | M44: 6阶技能碎片*180 | N44: =IF($P$1="是",IF(K44<$P$2,M44,IF(K44=$P$2,M45,IF(K44=$P$2+1,M47,M44)))) -> 6阶技能碎片*180 | AD44: 43 | AE44: 120 | AF44: =AF43+AE44 -> 2240 | AG44: 副本评价奖励翻倍概率 | AH44: 0.02 | AI44: =COUNTIF(AG$1:AG44,AG44)*AH44 -> 0.22 | AU44: 42 | AV44: 21484 | AW44: 42 | AX44: 21484 | AY44: 42 | AZ44: 21484 | BZ44: 203 | CA44: =CA43+260 -> 36920 | CB44: =CA44*2 -> 73840 | CC44: =CA44*$BT$5+CB44*$BS$2 -> 443.04 | CD44: =CC44/14*13 -> 411.39429 | CE44: =(CA44/$BS$14*5+CB44/$BS$13*5)/14*13 -> 78.40024 | CG44: 203 | CH44: =CH43+195 -> 27300 | CI44: 0 | CJ44: =CH44*$BT$6+CI44*$BS$2 -> 218.4 | CK44: =CJ44/5*13 -> 567.84 | CL44: =(CH44/$BS$15*5+CI44/$BS$13*5)/5*13 -> 118.3 | CU44: 203 | CV44: 326450 | CW44: 0 | CX44: =CV44*$BT$8+CW44*$BS$2 -> 652.9 | CY44: =CX44/6*13 -> 1414.6167 | DJ44: 2 | DK44: 选择幻兽品质 | DL44: =属性晨星性价比!G17 -> 奇迹 | DM44: 占位 | DN44: =IF(DL44="奇迹",1.2,IF(DL44="传说",1.1,1)) -> 1.2 | DP44: 3 | DQ44: 选择幻兽品质 | DR44: =属性晨星性价比!K17 -> 奇迹 | DS44: 占位 | DT44: =IF(DR44="奇迹",1.2,IF(DR44="传说",1.1,1)) -> 1.2 | DV44: 4 | DW44: 选择幻兽品质 | DX44: =属性晨星性价比!O17 -> 传说 | DY44: 占位 | DZ44: =IF(DX44="奇迹",1.2,IF(DX44="传说",1.1,1)) -> 1.1 | ED44: 防御力 | EE44: =属性晨星性价比!S20 -> 5.9 | EF44: =EE44/ED$42 -> 8.5507246 | EJ44: 防御力 | EK44: =属性晨星性价比!W20 -> 5.3 | EL44: =EK44/EJ$42 -> 8.5483871 | EP44: 防御力 | EQ44: =属性晨星性价比!AA20 -> 3.91 | ER44: =EQ44/EP$42 -> 6.5166667 | EV44: 防御力 | EW44: =属性晨星性价比!AE20 -> 2.58 | EX44: =EW44/EV$42 -> 12.9 | FB44: 42 | FC44: 4680 | FD44: =SUM($FC$3:FC44) -> 110910
A45: 34 | B45: =秘宝大作战!D36-秘宝大作战!H36 -> -49850 | C45: =IF(B45<0,-B45,0) -> 49850 | D45: =IF(C45>0,A45*2*60,0) -> 4080 | E45: =IF(C45>0,A45*2*300,0) -> 20400 | F45: =IF(C45-D45-E45>0,C45-D45-E45,0) -> 25370 | J45: =K45*2250-IF(K45<$R$1,0,$R$2)+IF($P$1="是",IF(K45<$P$2,0,1000),0) -> 99850 | K45: 44 | L45: =K45*7+1 -> 309 | M45: 原初宝石/贤者之石/秘宝探测仪 | N45: =IF($P$1="是",IF(K45<$P$2,M45,IF(K45=$P$2,M46,IF(K45=$P$2+1,M48,M45)))) -> 原初宝石/贤者之石/秘宝探测仪 | AD45: 44 | AE45: 120 | AF45: =AF44+AE45 -> 2360 | AG45: 经验获取加成 | AH45: 0.02 | AI45: =COUNTIF(AG$1:AG45,AG45)*AH45 -> 0.22 | AU45: 43 | AV45: 21509 | AW45: 43 | AX45: 21509 | AY45: 43 | AZ45: 21509 | BZ45: 204 | CA45: =CA44+260 -> 37180 | CB45: =CA45*2 -> 74360 | CC45: =CA45*$BT$5+CB45*$BS$2 -> 446.16 | CD45: =CC45/14*13 -> 414.29143 | CE45: =(CA45/$BS$14*5+CB45/$BS$13*5)/14*13 -> 78.952355 | CG45: 204 | CH45: =CH44+190 -> 27490 | CI45: 0 | CJ45: =CH45*$BT$6+CI45*$BS$2 -> 219.92 | CK45: =CJ45/5*13 -> 571.792 | CL45: =(CH45/$BS$15*5+CI45/$BS$13*5)/5*13 -> 119.12333 | CU45: 204 | CV45: 330000 | CW45: 0 | CX45: =CV45*$BT$8+CW45*$BS$2 -> 660 | CY45: =CX45/6*13 -> 1430 | DK45: 当前幻兽同调率 | DL45: =属性晨星性价比!G18 -> 0.62 | DN45: 实际面板 | DQ45: 当前幻兽同调率 | DR45: =属性晨星性价比!K18 -> 0.62 | DT45: 实际面板 | DW45: 当前幻兽同调率 | DX45: =属性晨星性价比!O18 -> 0.92 | DZ45: 实际面板 | ED45: 生命值 | EE45: =属性晨星性价比!S21 -> 29.5 | EF45: =EE45/ED$42 -> 42.753623 | EJ45: 生命值 | EK45: =属性晨星性价比!W21 -> 26.5 | EL45: =EK45/EJ$42 -> 42.741935 | EP45: 生命值 | EQ45: =属性晨星性价比!AA21 -> 19.2 | ER45: =EQ45/EP$42 -> 32 | EV45: 生命值 | EW45: =属性晨星性价比!AE21 -> 12.9 | EX45: =EW45/EV$42 -> 64.5 | FB45: 43 | FC45: 4800 | FD45: =SUM($FC$3:FC45) -> 115710
A46: 35 | B46: =秘宝大作战!D37-秘宝大作战!H37 -> -50840 | C46: =IF(B46<0,-B46,0) -> 50840 | D46: =IF(C46>0,A46*2*60,0) -> 4200 | E46: =IF(C46>0,A46*2*300,0) -> 21000 | F46: =IF(C46-D46-E46>0,C46-D46-E46,0) -> 25640 | J46: =K46*2250-IF(K46<$R$1,0,$R$2)+IF($P$1="是",IF(K46<$P$2,0,1000),0) -> 102100 | K46: 45 | L46: =K46*7+1 -> 316 | M46: 自选奇迹遗物·哈III | N46: =IF($P$1="是",IF(K46<$P$2,M46,IF(K46=$P$2,M47,IF(K46=$P$2+1,M49,M46)))) -> 自选奇迹遗物·哈III | AD46: 45 | AE46: 130 | AF46: =AF45+AE46 -> 2490 | AG46: 副本掉落装备升华率 | AH46: 0.03 | AI46: =COUNTIF(AG$1:AG46,AG46)*AH46 -> 0.36 | AU46: 44 | AV46: 23052 | AW46: 44 | AX46: 23052 | AY46: 44 | AZ46: 23052 | BZ46: 205 | CA46: =CA45+260 -> 37440 | CB46: =CA46*2 -> 74880 | CC46: =CA46*$BT$5+CB46*$BS$2 -> 449.28 | CD46: =CC46/14*13 -> 417.18857 | CE46: =(CA46/$BS$14*5+CB46/$BS$13*5)/14*13 -> 79.504469 | CG46: 205 | CH46: =CH45+195 -> 27685 | CI46: 0 | CJ46: =CH46*$BT$6+CI46*$BS$2 -> 221.48 | CK46: =CJ46/5*13 -> 575.848 | CL46: =(CH46/$BS$15*5+CI46/$BS$13*5)/5*13 -> 119.96833 | CU46: 205 | CV46: 333550 | CW46: 0 | CX46: =CV46*$BT$8+CW46*$BS$2 -> 667.1 | CY46: =CX46/6*13 -> 1445.3833 | DK46: 当前重置后幻兽面板 | DL46: 攻击力 | DM46: =属性晨星性价比!G19 -> 7.22 | DN46: =DM46/DL$45 -> 11.645161 | DQ46: 当前重置后幻兽面板 | DR46: 攻击力 | DS46: =属性晨星性价比!K19 -> 7.22 | DT46: =DS46/DR$45 -> 11.645161 | DW46: 当前重置后幻兽面板 | DX46: 攻击力 | DY46: =属性晨星性价比!O19 -> 7.87 | DZ46: =DY46/DX$45 -> 8.5543478 | ED46: 速度 | EE46: =属性晨星性价比!S22 -> 4.72 | EF46: =EE46/ED$42 -> 6.8405797 | EJ46: 速度 | EK46: =属性晨星性价比!W22 -> 4.24 | EL46: =EK46/EJ$42 -> 6.8387097 | EP46: 速度 | EQ46: =属性晨星性价比!AA22 -> 3.07 | ER46: =EQ46/EP$42 -> 5.1166667 | EV46: 速度 | EW46: =属性晨星性价比!AE22 -> 2.06 | EX46: =EW46/EV$42 -> 10.3 | FB46: 44 | FC46: 4920 | FD46: =SUM($FC$3:FC46) -> 120630
A47: 36 | B47: =秘宝大作战!D38-秘宝大作战!H38 -> -51830 | C47: =IF(B47<0,-B47,0) -> 51830 | D47: =IF(C47>0,A47*2*60,0) -> 4320 | E47: =IF(C47>0,A47*2*300,0) -> 21600 | F47: =IF(C47-D47-E47>0,C47-D47-E47,0) -> 25910 | J47: =K47*2250-IF(K47<$R$1,0,$R$2)+IF($P$1="是",IF(K47<$P$2,0,1000),0) -> 104350 | K47: 46 | L47: =K47*7+1 -> 323 | M47: 幸运神像/黄金圣木/无尽沙漏 | N47: =IF($P$1="是",IF(K47<$P$2,M47,IF(K47=$P$2,M48,IF(K47=$P$2+1,M50,M47)))) -> 幸运神像/黄金圣木/无尽沙漏 | AD47: 46 | AE47: 130 | AF47: =AF46+AE47 -> 2620 | AG47: 宝石获取率 | AH47: 0.05 | AI47: =COUNTIF(AG$1:AG47,AG47)*AH47 -> 0.6 | AU47: 45 | AV47: 24627 | AW47: 45 | AX47: 24627 | AY47: 45 | AZ47: 24627 | BZ47: 206 | CA47: =CA46+260 -> 37700 | CB47: =CA47*2 -> 75400 | CC47: =CA47*$BT$5+CB47*$BS$2 -> 452.4 | CD47: =CC47/14*13 -> 420.08571 | CE47: =(CA47/$BS$14*5+CB47/$BS$13*5)/14*13 -> 80.056584 | CG47: 206 | CH47: =CH46+190 -> 27875 | CI47: 0 | CJ47: =CH47*$BT$6+CI47*$BS$2 -> 223 | CK47: =CJ47/5*13 -> 579.8 | CL47: =(CH47/$BS$15*5+CI47/$BS$13*5)/5*13 -> 120.79167 | CU47: 206 | CV47: 337100 | CW47: 0 | CX47: =CV47*$BT$8+CW47*$BS$2 -> 674.2 | CY47: =CX47/6*13 -> 1460.7667 | DL47: 防御力 | DM47: =属性晨星性价比!G20 -> 7.22 | DN47: =DM47/DL$45 -> 11.645161 | DR47: 防御力 | DS47: =属性晨星性价比!K20 -> 7.22 | DT47: =DS47/DR$45 -> 11.645161 | DX47: 防御力 | DY47: =属性晨星性价比!O20 -> 7.87 | DZ47: =DY47/DX$45 -> 8.5543478 | FB47: 45 | FC47: 5040 | FD47: =SUM($FC$3:FC47) -> 125670
J48: =K48*2250-IF(K48<$R$1,0,$R$2)+IF($P$1="是",IF(K48<$P$2,0,1000),0) -> 106600 | K48: 47 | L48: =K48*7+1 -> 330 | M48: 6阶技能碎片*180 | N48: =IF($P$1="是",IF(K48<$P$2,M48,IF(K48=$P$2,M49,IF(K48=$P$2+1,M51,M48)))) -> 6阶技能碎片*180 | AD48: 47 | AE48: 130 | AF48: =AF47+AE48 -> 2750 | AG48: 副本评价奖励翻倍概率 | AH48: 0.02 | AI48: =COUNTIF(AG$1:AG48,AG48)*AH48 -> 0.24 | AU48: 46 | AV48: 25480 | AW48: 46 | AX48: 25480 | AY48: 46 | AZ48: 25480 | BZ48: 207 | CA48: =CA47+260 -> 37960 | CB48: =CA48*2 -> 75920 | CC48: =CA48*$BT$5+CB48*$BS$2 -> 455.52 | CD48: =CC48/14*13 -> 422.98286 | CE48: =(CA48/$BS$14*5+CB48/$BS$13*5)/14*13 -> 80.608698 | CG48: 207 | CH48: =CH47+195 -> 28070 | CI48: 0 | CJ48: =CH48*$BT$6+CI48*$BS$2 -> 224.56 | CK48: =CJ48/5*13 -> 583.856 | CL48: =(CH48/$BS$15*5+CI48/$BS$13*5)/5*13 -> 121.63667 | CU48: 207 | CV48: 340650 | CW48: 0 | CX48: =CV48*$BT$8+CW48*$BS$2 -> 681.3 | CY48: =CX48/6*13 -> 1476.15 | DL48: 生命值 | DM48: =属性晨星性价比!G21 -> 36.1 | DN48: =DM48/DL$45 -> 58.225806 | DR48: 生命值 | DS48: =属性晨星性价比!K21 -> 36.1 | DT48: =DS48/DR$45 -> 58.225806 | DX48: 生命值 | DY48: =属性晨星性价比!O21 -> 39.3 | DZ48: =DY48/DX$45 -> 42.717391 | FB48: 46 | FC48: 5160 | FD48: =SUM($FC$3:FC48) -> 130830
J49: =K49*2250-IF(K49<$R$1,0,$R$2)+IF($P$1="是",IF(K49<$P$2,0,1000),0) -> 108850 | K49: 48 | L49: =K49*7+1 -> 337 | M49: 原初宝石/贤者之石/秘宝探测仪 | N49: =IF($P$1="是",IF(K49<$P$2,M49,IF(K49=$P$2,M50,IF(K49=$P$2+1,M52,M49)))) -> 原初宝石/贤者之石/秘宝探测仪 | AD49: 48 | AE49: 130 | AF49: =AF48+AE49 -> 2880 | AG49: 经验获取加成 | AH49: 0.02 | AI49: =COUNTIF(AG$1:AG49,AG49)*AH49 -> 0.24 | AU49: 47 | AV49: 26852 | AW49: 47 | AX49: 26852 | AY49: 47 | AZ49: 26852 | BZ49: 208 | CA49: =CA48+260 -> 38220 | CB49: =CA49*2 -> 76440 | CC49: =CA49*$BT$5+CB49*$BS$2 -> 458.64 | CD49: =CC49/14*13 -> 425.88 | CE49: =(CA49/$BS$14*5+CB49/$BS$13*5)/14*13 -> 81.160812 | CG49: 208 | CH49: =CH48+190 -> 28260 | CI49: 0 | CJ49: =CH49*$BT$6+CI49*$BS$2 -> 226.08 | CK49: =CJ49/5*13 -> 587.808 | CL49: =(CH49/$BS$15*5+CI49/$BS$13*5)/5*13 -> 122.46 | CU49: 208 | CV49: 344200 | CW49: 0 | CX49: =CV49*$BT$8+CW49*$BS$2 -> 688.4 | CY49: =CX49/6*13 -> 1491.5333 | DL49: 速度 | DM49: =属性晨星性价比!G22 -> 5.77 | DN49: =DM49/DL$45 -> 9.3064516 | DR49: 速度 | DS49: =属性晨星性价比!K22 -> 5.77 | DT49: =DS49/DR$45 -> 9.3064516 | DX49: 速度 | DY49: =属性晨星性价比!O22 -> 6.29 | DZ49: =DY49/DX$45 -> 6.8369565 | EC49: 幻兽 | EI49: 幻兽 | EO49: 幻兽 | EU49: 幻兽 | FB49: 47 | FC49: 5280 | FD49: =SUM($FC$3:FC49) -> 136110
AD50: 49 | AE50: 140 | AF50: =AF49+AE50 -> 3020 | AG50: 副本掉落装备升华率 | AH50: 0.03 | AI50: =COUNTIF(AG$1:AG50,AG50)*AH50 -> 0.39 | AU50: 48 | AV50: 29068 | AW50: 48 | AX50: 29068 | AY50: 48 | AZ50: 29068 | BZ50: 209 | CA50: =CA49+260 -> 38480 | CB50: =CA50*2 -> 76960 | CC50: =CA50*$BT$5+CB50*$BS$2 -> 461.76 | CD50: =CC50/14*13 -> 428.77714 | CE50: =(CA50/$BS$14*5+CB50/$BS$13*5)/14*13 -> 81.712927 | CG50: 209 | CH50: =CH49+195 -> 28455 | CI50: 0 | CJ50: =CH50*$BT$6+CI50*$BS$2 -> 227.64 | CK50: =CJ50/5*13 -> 591.864 | CL50: =(CH50/$BS$15*5+CI50/$BS$13*5)/5*13 -> 123.305 | CU50: 209 | CV50: 347750 | CW50: 0 | CX50: =CV50*$BT$8+CW50*$BS$2 -> 695.5 | CY50: =CX50/6*13 -> 1506.9167 | EC50: 蓝色 | EI50: 蓝色 | EO50: 蓝色 | EU50: 蓝色 | FB50: 48 | FC50: 5400 | FD50: =SUM($FC$3:FC50) -> 141510
AD51: 50 | AE51: 140 | AF51: =AF50+AE51 -> 3160 | AG51: 宝石获取率 | AH51: 0.05 | AI51: =COUNTIF(AG$1:AG51,AG51)*AH51 -> 0.65 | AU51: 49 | AV51: 32008 | AW51: 49 | AX51: 32008 | AY51: 49 | AZ51: 32008 | BZ51: 210 | CA51: =CA50+260 -> 38740 | CB51: =CA51*2 -> 77480 | CC51: =CA51*$BT$5+CB51*$BS$2 -> 464.88 | CD51: =CC51/14*13 -> 431.67429 | CE51: =(CA51/$BS$14*5+CB51/$BS$13*5)/14*13 -> 82.265041 | CG51: 210 | CH51: =CH50+190 -> 28645 | CI51: 0 | CJ51: =CH51*$BT$6+CI51*$BS$2 -> 229.16 | CK51: =CJ51/5*13 -> 595.816 | CL51: =(CH51/$BS$15*5+CI51/$BS$13*5)/5*13 -> 124.12833 | CU51: 210 | CV51: 351300 | CW51: 0 | CX51: =CV51*$BT$8+CW51*$BS$2 -> 702.6 | CY51: =CX51/6*13 -> 1522.3 | ED51: 总固定属性战力 | EE51: 总常规属性战力 | EF51: 所需蓝材料 | EJ51: 总固定属性战力 | EK51: 总常规属性战力 | EL51: 所需蓝材料 | EP51: 总固定属性战力 | EQ51: 总常规属性战力 | ER51: 所需蓝材料 | EV51: 总固定属性战力 | EW51: 总常规属性战力 | EX51: 所需蓝材料 | FB51: 49 | FC51: 5520 | FD51: =SUM($FC$3:FC51) -> 147030
AD52: 51 | AE52: 140 | AF52: =AF51+AE52 -> 3300 | AG52: 副本评价奖励翻倍概率 | AH52: 0.02 | AI52: =COUNTIF(AG$1:AG52,AG52)*AH52 -> 0.26 | AU52: 50 | AV52: 33168 | AW52: 50 | AX52: 33168 | AY52: 50 | AZ52: 33168 | BZ52: 211 | CA52: =CA51+260 -> 39000 | CB52: =CA52*2 -> 78000 | CC52: =CA52*$BT$5+CB52*$BS$2 -> 468 | CD52: =CC52/14*13 -> 434.57143 | CE52: =(CA52/$BS$14*5+CB52/$BS$13*5)/14*13 -> 82.817155 | CG52: 211 | CH52: =CH51+195 -> 28840 | CI52: 0 | CJ52: =CH52*$BT$6+CI52*$BS$2 -> 230.72 | CK52: =CJ52/5*13 -> 599.872 | CL52: =(CH52/$BS$15*5+CI52/$BS$13*5)/5*13 -> 124.97333 | CU52: 211 | CV52: 354650 | CW52: 0 | CX52: =CV52*$BT$8+CW52*$BS$2 -> 709.3 | CY52: =CX52/6*13 -> 1536.8167 | DK52: 幻兽 | DQ52: 幻兽 | DW52: 幻兽 | EC52: 第1页 | ED52: =SUM($DH$29*2.5,$DM$29*2.5,$DR$29*0.5,$DW$29*3.125) -> 5155 | EE52: =10000*($DI29*EF$43*2.5+$DN29*EF$44*2.5+$DS29*EF$45*0.5+$DX29*EF$46*3.125) -> 192391.3 | EF52: 570 | EI52: 第1页 | EJ52: =SUM($DH$29*2.5,$DM$29*2.5,$DR$29*0.5,$DW$29*3.125) -> 5155 | EK52: =10000*($DI29*EL$43*2.5+$DN29*EL$44*2.5+$DS29*EL$45*0.5+$DX29*EL$46*3.125) -> 192338.71 | EL52: 570 | EO52: 第1页 | EP52: =SUM($DH$29*2.5,$DM$29*2.5,$DR$29*0.5,$DW$29*3.125) -> 5155 | EQ52: =10000*($DI29*ER$43*2.5+$DN29*ER$44*2.5+$DS29*ER$45*0.5+$DX29*ER$46*3.125) -> 145437.5 | ER52: 570 | EU52: 第1页 | EV52: =SUM($DH$29*2.5,$DM$29*2.5,$DR$29*0.5,$DW$29*3.125) -> 5155 | EW52: =10000*($DI29*EX$43*2.5+$DN29*EX$44*2.5+$DS29*EX$45*0.5+$DX29*EX$46*3.125) -> 290125 | EX52: 570 | FB52: 50 | FC52: 5640 | FD52: =SUM($FC$3:FC52) -> 152670
AD53: 52 | AE53: 140 | AF53: =AF52+AE53 -> 3440 | AG53: 经验获取加成 | AH53: 0.02 | AI53: =COUNTIF(AG$1:AG53,AG53)*AH53 -> 0.26 | AU53: 51 | AV53: 33332 | AW53: 51 | AX53: 33332 | AY53: 51 | AZ53: 33332 | BZ53: 212 | CA53: =CA52+260 -> 39260 | CB53: =CA53*2 -> 78520 | CC53: =CA53*$BT$5+CB53*$BS$2 -> 471.12 | CD53: =CC53/14*13 -> 437.46857 | CE53: =(CA53/$BS$14*5+CB53/$BS$13*5)/14*13 -> 83.36927 | CG53: 212 | CH53: =CH52+190 -> 29030 | CI53: 0 | CJ53: =CH53*$BT$6+CI53*$BS$2 -> 232.24 | CK53: =CJ53/5*13 -> 603.824 | CL53: =(CH53/$BS$15*5+CI53/$BS$13*5)/5*13 -> 125.79667 | CU53: 212 | CV53: 356450 | CW53: 0 | CX53: =CV53*$BT$8+CW53*$BS$2 -> 712.9 | CY53: =CX53/6*13 -> 1544.6167 | DK53: 蓝色 | DQ53: 蓝色 | DW53: 蓝色 | EC53: 第2页 | ED53: =SUM($DH$30*2.5,$DM$30*2.5,$DR$30*0.5,$DW$30*3.125) -> 10800 | EE53: =10000*($DI30*EF$43*2.5+$DN30*EF$44*2.5+$DS30*EF$45*0.5+$DX30*EF$46*3.125) -> 342028.99 | EF53: 2448 | EI53: 第2页 | EJ53: =SUM($DH$30*2.5,$DM$30*2.5,$DR$30*0.5,$DW$30*3.125) -> 10800 | EK53: =10000*($DI30*EL$43*2.5+$DN30*EL$44*2.5+$DS30*EL$45*0.5+$DX30*EL$46*3.125) -> 341935.48 | EL53: 2448 | EO53: 第2页 | EP53: =SUM($DH$30*2.5,$DM$30*2.5,$DR$30*0.5,$DW$30*3.125) -> 10800 | EQ53: =10000*($DI30*ER$43*2.5+$DN30*ER$44*2.5+$DS30*ER$45*0.5+$DX30*ER$46*3.125) -> 258437.5 | ER53: 2448 | EU53: 第2页 | EV53: =SUM($DH$30*2.5,$DM$30*2.5,$DR$30*0.5,$DW$30*3.125) -> 10800 | EW53: =10000*($DI30*EX$43*2.5+$DN30*EX$44*2.5+$DS30*EX$45*0.5+$DX30*EX$46*3.125) -> 515750 | EX53: 2448 | FB53: 51 | FC53: 5760 | FD53: =SUM($FC$3:FC53) -> 158430
AD54: 53 | AE54: 150 | AF54: =AF53+AE54 -> 3590 | AG54: 副本掉落装备升华率 | AH54: 0.03 | AI54: =COUNTIF(AG$1:AG54,AG54)*AH54 -> 0.42 | AU54: 52 | AV54: 34095 | AW54: 52 | AX54: 34095 | AY54: 52 | AZ54: 34095 | BZ54: 213 | CA54: =CA53+260 -> 39520 | CB54: =CA54*2 -> 79040 | CC54: =CA54*$BT$5+CB54*$BS$2 -> 474.24 | CD54: =CC54/14*13 -> 440.36571 | CE54: =(CA54/$BS$14*5+CB54/$BS$13*5)/14*13 -> 83.921384 | CG54: 213 | CH54: =CH53+195 -> 29225 | CI54: 0 | CJ54: =CH54*$BT$6+CI54*$BS$2 -> 233.8 | CK54: =CJ54/5*13 -> 607.88 | CL54: =(CH54/$BS$15*5+CI54/$BS$13*5)/5*13 -> 126.64167 | CU54: 213 | CV54: 358200 | CW54: 0 | CX54: =CV54*$BT$8+CW54*$BS$2 -> 716.4 | CY54: =CX54/6*13 -> 1552.2 | DL54: 总固定属性战力 | DM54: 总常规属性战力 | DN54: 所需蓝材料 | DR54: 总固定属性战力 | DS54: 总常规属性战力 | DT54: 所需蓝材料 | DX54: 总固定属性战力 | DY54: 总常规属性战力 | DZ54: 所需蓝材料 | EC54: 第3页 | ED54: =SUM($DH$31*2.5,$DM$31*2.5,$DR$31*0.5,$DW$31*3.125) -> 12870 | EE54: =10000*($DI31*EF$43*2.5+$DN31*EF$44*2.5+$DS31*EF$45*0.5+$DX31*EF$46*3.125) -> 342028.99 | EF54: 3536 | EI54: 第3页 | EJ54: =SUM($DH$31*2.5,$DM$31*2.5,$DR$31*0.5,$DW$31*3.125) -> 12870 | EK54: =10000*($DI31*EL$43*2.5+$DN31*EL$44*2.5+$DS31*EL$45*0.5+$DX31*EL$46*3.125) -> 341935.48 | EL54: 3536 | EO54: 第3页 | EP54: =SUM($DH$31*2.5,$DM$31*2.5,$DR$31*0.5,$DW$31*3.125) -> 12870 | EQ54: =10000*($DI31*ER$43*2.5+$DN31*ER$44*2.5+$DS31*ER$45*0.5+$DX31*ER$46*3.125) -> 258145.83 | ER54: 3536 | EU54: 第3页 | EV54: =SUM($DH$31*2.5,$DM$31*2.5,$DR$31*0.5,$DW$31*3.125) -> 12870 | EW54: =10000*($DI31*EX$43*2.5+$DN31*EX$44*2.5+$DS31*EX$45*0.5+$DX31*EX$46*3.125) -> 515750 | EX54: 3536 | FB54: 52 | FC54: 5910 | FD54: =SUM($FC$3:FC54) -> 164340
AD55: 54 | AE55: 150 | AF55: =AF54+AE55 -> 3740 | AG55: 宝石获取率 | AH55: 0.05 | AI55: =COUNTIF(AG$1:AG55,AG55)*AH55 -> 0.7 | AU55: 53 | AV55: 35628 | AW55: 53 | AX55: 35628 | AY55: 53 | AZ55: 35628 | BZ55: 214 | CA55: =CA54+260 -> 39780 | CB55: =CA55*2 -> 79560 | CC55: =CA55*$BT$5+CB55*$BS$2 -> 477.36 | CD55: =CC55/14*13 -> 443.26286 | CE55: =(CA55/$BS$14*5+CB55/$BS$13*5)/14*13 -> 84.473499 | CG55: 214 | CH55: =CH54+190 -> 29415 | CI55: 0 | CJ55: =CH55*$BT$6+CI55*$BS$2 -> 235.32 | CK55: =CJ55/5*13 -> 611.832 | CL55: =(CH55/$BS$15*5+CI55/$BS$13*5)/5*13 -> 127.465 | CU55: 214 | CV55: 360000 | CW55: 0 | CX55: =CV55*$BT$8+CW55*$BS$2 -> 720 | CY55: =CX55/6*13 -> 1560 | DK55: 第1页 | DL55: =SUM($DH$29*2.5,$DM$29*2.5,$DR$29*0.5,$DW$29*3.125) -> 5155 | DM55: =10000*($DI29*DN$46*2.5+$DN29*DN$47*2.5+$DS29*DN$48*0.5+$DX29*DN$49*3.125) -> 261955.65 | DN55: 570 | DQ55: 第1页 | DR55: =SUM($DH$29*2.5,$DM$29*2.5,$DR$29*0.5,$DW$29*3.125) -> 5155 | DS55: =10000*($DI29*DT$46*2.5+$DN29*DT$47*2.5+$DS29*DT$48*0.5+$DX29*DT$49*3.125) -> 261955.65 | DT55: 570 | DW55: 第1页 | DX55: =SUM($DH$29*2.5,$DM$29*2.5,$DR$29*0.5,$DW$29*3.125) -> 5155 | DY55: =10000*($DI29*DZ$46*2.5+$DN29*DZ$47*2.5+$DS29*DZ$48*0.5+$DX29*DZ$49*3.125) -> 192377.72 | DZ55: 570 | EC55: 第4页 | ED55: =SUM($DH$32*2.5,$DM$32*2.5,$DR$32*0.5,$DW$32*3.125) -> 15060 | EE55: =10000*($DI32*EF$43*2.5+$DN32*EF$44*2.5+$DS32*EF$45*0.5+$DX32*EF$46*3.125) -> 342028.99 | EF55: 4080 | EI55: 第4页 | EJ55: =SUM($DH$32*2.5,$DM$32*2.5,$DR$32*0.5,$DW$32*3.125) -> 15060 | EK55: =10000*($DI32*EL$43*2.5+$DN32*EL$44*2.5+$DS32*EL$45*0.5+$DX32*EL$46*3.125) -> 341935.48 | EL55: 4080 | EO55: 第4页 | EP55: =SUM($DH$32*2.5,$DM$32*2.5,$DR$32*0.5,$DW$32*3.125) -> 15060 | EQ55: =10000*($DI32*ER$43*2.5+$DN32*ER$44*2.5+$DS32*ER$45*0.5+$DX32*ER$46*3.125) -> 258442.71 | ER55: 4080 | EU55: 第4页 | EV55: =SUM($DH$32*2.5,$DM$32*2.5,$DR$32*0.5,$DW$32*3.125) -> 15060 | EW55: =10000*($DI32*EX$43*2.5+$DN32*EX$44*2.5+$DS32*EX$45*0.5+$DX32*EX$46*3.125) -> 515781.25 | EX55: 4080 | FB55: 53 | FC55: 6060 | FD55: =SUM($FC$3:FC55) -> 170400
AD56: 55 | AE56: 150 | AF56: =AF55+AE56 -> 3890 | AG56: 副本评价奖励翻倍概率 | AH56: 0.02 | AI56: =COUNTIF(AG$1:AG56,AG56)*AH56 -> 0.28 | AU56: 54 | AV56: 35929 | AW56: 54 | AX56: 35929 | AY56: 54 | AZ56: 35929 | BZ56: 215 | CA56: =CA55+260 -> 40040 | CB56: =CA56*2 -> 80080 | CC56: =CA56*$BT$5+CB56*$BS$2 -> 480.48 | CD56: =CC56/14*13 -> 446.16 | CE56: =(CA56/$BS$14*5+CB56/$BS$13*5)/14*13 -> 85.025613 | CG56: 215 | CH56: =CH55+195 -> 29610 | CI56: 0 | CJ56: =CH56*$BT$6+CI56*$BS$2 -> 236.88 | CK56: =CJ56/5*13 -> 615.888 | CL56: =(CH56/$BS$15*5+CI56/$BS$13*5)/5*13 -> 128.31 | CU56: 215 | CV56: 361750 | CW56: 0 | CX56: =CV56*$BT$8+CW56*$BS$2 -> 723.5 | CY56: =CX56/6*13 -> 1567.5833 | DD56: 料理 | DK56: 第2页 | DL56: =SUM($DH$30*2.5,$DM$30*2.5,$DR$30*0.5,$DW$30*3.125) -> 10800 | DM56: =10000*($DI30*DN$46*2.5+$DN30*DN$47*2.5+$DS30*DN$48*0.5+$DX30*DN$49*3.125) -> 465685.48 | DN56: 2448 | DQ56: 第2页 | DR56: =SUM($DH$30*2.5,$DM$30*2.5,$DR$30*0.5,$DW$30*3.125) -> 10800 | DS56: =10000*($DI30*DT$46*2.5+$DN30*DT$47*2.5+$DS30*DT$48*0.5+$DX30*DT$49*3.125) -> 465685.48 | DT56: 2448 | DW56: 第2页 | DX56: =SUM($DH$30*2.5,$DM$30*2.5,$DR$30*0.5,$DW$30*3.125) -> 10800 | DY56: =10000*($DI30*DZ$46*2.5+$DN30*DZ$47*2.5+$DS30*DZ$48*0.5+$DX30*DZ$49*3.125) -> 341997.28 | DZ56: 2448 | EC56: 第5页 | ED56: =SUM($DH$33*2.5,$DM$33*2.5,$DR$33*0.5,$DW$33*3.125) -> 15060 | EE56: =10000*($DI33*EF$43*2.5+$DN33*EF$44*2.5+$DS33*EF$45*0.5+$DX33*EF$46*3.125) -> 342028.99 | EF56: 4692 | EI56: 第5页 | EJ56: =SUM($DH$33*2.5,$DM$33*2.5,$DR$33*0.5,$DW$33*3.125) -> 15060 | EK56: =10000*($DI33*EL$43*2.5+$DN33*EL$44*2.5+$DS33*EL$45*0.5+$DX33*EL$46*3.125) -> 341935.48 | EL56: 4692 | EO56: 第5页 | EP56: =SUM($DH$33*2.5,$DM$33*2.5,$DR$33*0.5,$DW$33*3.125) -> 15060 | EQ56: =10000*($DI33*ER$43*2.5+$DN33*ER$44*2.5+$DS33*ER$45*0.5+$DX33*ER$46*3.125) -> 258442.71 | ER56: 4692 | EU56: 第5页 | EV56: =SUM($DH$33*2.5,$DM$33*2.5,$DR$33*0.5,$DW$33*3.125) -> 15060 | EW56: =10000*($DI33*EX$43*2.5+$DN33*EX$44*2.5+$DS33*EX$45*0.5+$DX33*EX$46*3.125) -> 515781.25 | EX56: 4692 | FB56: 54 | FC56: 6210 | FD56: =SUM($FC$3:FC56) -> 176610
AD57: 56 | AE57: 150 | AF57: =AF56+AE57 -> 4040 | AG57: 经验获取加成 | AH57: 0.02 | AI57: =COUNTIF(AG$1:AG57,AG57)*AH57 -> 0.28 | AU57: 55 | AV57: 37680 | AW57: 55 | AX57: 37680 | AY57: 55 | AZ57: 37680 | BZ57: 216 | CA57: =CA56+260 -> 40300 | CB57: =CA57*2 -> 80600 | CC57: =CA57*$BT$5+CB57*$BS$2 -> 483.6 | CD57: =CC57/14*13 -> 449.05714 | CE57: =(CA57/$BS$14*5+CB57/$BS$13*5)/14*13 -> 85.577727 | CG57: 216 | CH57: =CH56+190 -> 29800 | CI57: 0 | CJ57: =CH57*$BT$6+CI57*$BS$2 -> 238.4 | CK57: =CJ57/5*13 -> 619.84 | CL57: =(CH57/$BS$15*5+CI57/$BS$13*5)/5*13 -> 129.13333 | CU57: 216 | CV57: 363550 | CW57: 0 | CX57: =CV57*$BT$8+CW57*$BS$2 -> 727.1 | CY57: =CX57/6*13 -> 1575.3833 | DD57: 紫色无肉 | DE57: 属性 | DF57: 价格 | DG57: 每1万战力所需晨星 | DK57: 第3页 | DL57: =SUM($DH$31*2.5,$DM$31*2.5,$DR$31*0.5,$DW$31*3.125) -> 12870 | DM57: =10000*($DI31*DN$46*2.5+$DN31*DN$47*2.5+$DS31*DN$48*0.5+$DX31*DN$49*3.125) -> 465685.48 | DN57: 3536 | DQ57: 第3页 | DR57: =SUM($DH$31*2.5,$DM$31*2.5,$DR$31*0.5,$DW$31*3.125) -> 12870 | DS57: =10000*($DI31*DT$46*2.5+$DN31*DT$47*2.5+$DS31*DT$48*0.5+$DX31*DT$49*3.125) -> 465685.48 | DT57: 3536 | DW57: 第3页 | DX57: =SUM($DH$31*2.5,$DM$31*2.5,$DR$31*0.5,$DW$31*3.125) -> 12870 | DY57: =10000*($DI31*DZ$46*2.5+$DN31*DZ$47*2.5+$DS31*DZ$48*0.5+$DX31*DZ$49*3.125) -> 341970.11 | DZ57: 3536 | EC57: 第6页 | ED57: =SUM($DH$34*2.5,$DM$34*2.5,$DR$34*0.5,$DW$34*3.125) -> 17240 | EE57: =10000*($DI34*EF$43*2.5+$DN34*EF$44*2.5+$DS34*EF$45*0.5+$DX34*EF$46*3.125) -> 342028.99 | EF57: 5440 | EI57: 第6页 | EJ57: =SUM($DH$34*2.5,$DM$34*2.5,$DR$34*0.5,$DW$34*3.125) -> 17240 | EK57: =10000*($DI34*EL$43*2.5+$DN34*EL$44*2.5+$DS34*EL$45*0.5+$DX34*EL$46*3.125) -> 341935.48 | EL57: 5440 | EO57: 第6页 | EP57: =SUM($DH$34*2.5,$DM$34*2.5,$DR$34*0.5,$DW$34*3.125) -> 17240 | EQ57: =10000*($DI34*ER$43*2.5+$DN34*ER$44*2.5+$DS34*ER$45*0.5+$DX34*ER$46*3.125) -> 258296.88 | ER57: 5440 | EU57: 第6页 | EV57: =SUM($DH$34*2.5,$DM$34*2.5,$DR$34*0.5,$DW$34*3.125) -> 17240 | EW57: =10000*($DI34*EX$43*2.5+$DN34*EX$44*2.5+$DS34*EX$45*0.5+$DX34*EX$46*3.125) -> 515781.25 | EX57: 5440 | FB57: 55 | FC57: 6360 | FD57: =SUM($FC$3:FC57) -> 182970
AD58: 57 | AE58: 160 | AF58: =AF57+AE58 -> 4200 | AG58: 副本掉落装备升华率 | AH58: 0.03 | AI58: =COUNTIF(AG$1:AG58,AG58)*AH58 -> 0.45 | AU58: 56 | AV58: 38331 | AW58: 56 | AX58: 38331 | AY58: 56 | AZ58: 38331 | BZ58: 217 | CA58: =CA57+260 -> 40560 | CB58: =CA58*2 -> 81120 | CC58: =CA58*$BT$5+CB58*$BS$2 -> 486.72 | CD58: =CC58/14*13 -> 451.95429 | CE58: =(CA58/$BS$14*5+CB58/$BS$13*5)/14*13 -> 86.129842 | CG58: 217 | CH58: =CH57+195 -> 29995 | CI58: 0 | CJ58: =CH58*$BT$6+CI58*$BS$2 -> 239.96 | CK58: =CJ58/5*13 -> 623.896 | CL58: =(CH58/$BS$15*5+CI58/$BS$13*5)/5*13 -> 129.97833 | CU58: 217 | CV58: 365300 | CW58: 0 | CX58: =CV58*$BT$8+CW58*$BS$2 -> 730.6 | CY58: =CX58/6*13 -> 1582.9667 | DD58: 1-10 | DE58: 0.01 | DF58: =10*$DO$3/3 -> 50 | DG58: =DF58/(DE58*MAX(DP$17*2.5,DP$18*2.5,DP$19*0.5,DP$20*3.125)) -> 105.35188 | DK58: 第4页 | DL58: =SUM($DH$32*2.5,$DM$32*2.5,$DR$32*0.5,$DW$32*3.125) -> 15060 | DM58: =10000*($DI32*DN$46*2.5+$DN32*DN$47*2.5+$DS32*DN$48*0.5+$DX32*DN$49*3.125) -> 465700.6 | DN58: 4080 | DQ58: 第4页 | DR58: =SUM($DH$32*2.5,$DM$32*2.5,$DR$32*0.5,$DW$32*3.125) -> 15060 | DS58: =10000*($DI32*DT$46*2.5+$DN32*DT$47*2.5+$DS32*DT$48*0.5+$DX32*DT$49*3.125) -> 465700.6 | DT58: 4080 | DW58: 第4页 | DX58: =SUM($DH$32*2.5,$DM$32*2.5,$DR$32*0.5,$DW$32*3.125) -> 15060 | DY58: =10000*($DI32*DZ$46*2.5+$DN32*DZ$47*2.5+$DS32*DZ$48*0.5+$DX32*DZ$49*3.125) -> 341993.89 | DZ58: 4080 | EC58: 第7页 | ED58: =SUM($DH$35*2.5,$DM$35*2.5,$DR$35*0.5,$DW$35*3.125) -> 17235 | EE58: =10000*($DI35*EF$43*2.5+$DN35*EF$44*2.5+$DS35*EF$45*0.5+$DX35*EF$46*3.125) -> 342028.99 | EF58: 6256 | EI58: 第7页 | EJ58: =SUM($DH$35*2.5,$DM$35*2.5,$DR$35*0.5,$DW$35*3.125) -> 17235 | EK58: =10000*($DI35*EL$43*2.5+$DN35*EL$44*2.5+$DS35*EL$45*0.5+$DX35*EL$46*3.125) -> 341935.48 | EL58: 6256 | EO58: 第7页 | EP58: =SUM($DH$35*2.5,$DM$35*2.5,$DR$35*0.5,$DW$35*3.125) -> 17235 | EQ58: =10000*($DI35*ER$43*2.5+$DN35*ER$44*2.5+$DS35*ER$45*0.5+$DX35*ER$46*3.125) -> 258145.83 | ER58: 6256 | EU58: 第7页 | EV58: =SUM($DH$35*2.5,$DM$35*2.5,$DR$35*0.5,$DW$35*3.125) -> 17235 | EW58: =10000*($DI35*EX$43*2.5+$DN35*EX$44*2.5+$DS35*EX$45*0.5+$DX35*EX$46*3.125) -> 515750 | EX58: 6256 | FB58: 56 | FC58: 6510 | FD58: =SUM($FC$3:FC58) -> 189480
AD59: 58 | AE59: 160 | AF59: =AF58+AE59 -> 4360 | AG59: 宝石获取率 | AH59: 0.05 | AI59: =COUNTIF(AG$1:AG59,AG59)*AH59 -> 0.75 | AU59: 57 | AV59: 38878 | AW59: 57 | AX59: 38878 | AY59: 57 | AZ59: 38878 | BZ59: 218 | CA59: =CA58+260 -> 40820 | CB59: =CA59*2 -> 81640 | CC59: =CA59*$BT$5+CB59*$BS$2 -> 489.84 | CD59: =CC59/14*13 -> 454.85143 | CE59: =(CA59/$BS$14*5+CB59/$BS$13*5)/14*13 -> 86.681956 | CG59: 218 | CH59: =CH58+190 -> 30185 | CI59: 0 | CJ59: =CH59*$BT$6+CI59*$BS$2 -> 241.48 | CK59: =CJ59/5*13 -> 627.848 | CL59: =(CH59/$BS$15*5+CI59/$BS$13*5)/5*13 -> 130.80167 | CU59: 218 | CV59: 367100 | CW59: 0 | CX59: =CV59*$BT$8+CW59*$BS$2 -> 734.2 | CY59: =CX59/6*13 -> 1590.7667 | DD59: 11-30 | DE59: =0.5*DE58 -> 0.005 | DF59: =10*$DO$3/3 -> 50 | DG59: =DF59/(DE59*MAX(DP$17*2.5,DP$18*2.5,DP$19*0.5,DP$20*3.125)) -> 210.70375 | DK59: 第5页 | DL59: =SUM($DH$33*2.5,$DM$33*2.5,$DR$33*0.5,$DW$33*3.125) -> 15060 | DM59: =10000*($DI33*DN$46*2.5+$DN33*DN$47*2.5+$DS33*DN$48*0.5+$DX33*DN$49*3.125) -> 465700.6 | DN59: 4692 | DQ59: 第5页 | DR59: =SUM($DH$33*2.5,$DM$33*2.5,$DR$33*0.5,$DW$33*3.125) -> 15060 | DS59: =10000*($DI33*DT$46*2.5+$DN33*DT$47*2.5+$DS33*DT$48*0.5+$DX33*DT$49*3.125) -> 465700.6 | DT59: 4692 | DW59: 第5页 | DX59: =SUM($DH$33*2.5,$DM$33*2.5,$DR$33*0.5,$DW$33*3.125) -> 15060 | DY59: =10000*($DI33*DZ$46*2.5+$DN33*DZ$47*2.5+$DS33*DZ$48*0.5+$DX33*DZ$49*3.125) -> 341993.89 | DZ59: 4692 | EC59: 第8页 | ED59: =SUM($DH$36*2.5,$DM$36*2.5,$DR$36*0.5,$DW$36*3.125) -> 17235 | EE59: =10000*($DI36*EF$43*2.5+$DN36*EF$44*2.5+$DS36*EF$45*0.5+$DX36*EF$46*3.125) -> 342028.99 | EF59: 6800 | EI59: 第8页 | EJ59: =SUM($DH$36*2.5,$DM$36*2.5,$DR$36*0.5,$DW$36*3.125) -> 17235 | EK59: =10000*($DI36*EL$43*2.5+$DN36*EL$44*2.5+$DS36*EL$45*0.5+$DX36*EL$46*3.125) -> 341935.48 | EL59: 6800 | EO59: 第8页 | EP59: =SUM($DH$36*2.5,$DM$36*2.5,$DR$36*0.5,$DW$36*3.125) -> 17235 | EQ59: =10000*($DI36*ER$43*2.5+$DN36*ER$44*2.5+$DS36*ER$45*0.5+$DX36*ER$46*3.125) -> 258437.5 | ER59: 6800 | EU59: 第8页 | EV59: =SUM($DH$36*2.5,$DM$36*2.5,$DR$36*0.5,$DW$36*3.125) -> 17235 | EW59: =10000*($DI36*EX$43*2.5+$DN36*EX$44*2.5+$DS36*EX$45*0.5+$DX36*EX$46*3.125) -> 515750 | EX59: 6800 | FB59: 57 | FC59: 6660 | FD59: =SUM($FC$3:FC59) -> 196140
AD60: 59 | AE60: 160 | AF60: =AF59+AE60 -> 4520 | AG60: 副本评价奖励翻倍概率 | AH60: 0.02 | AI60: =COUNTIF(AG$1:AG60,AG60)*AH60 -> 0.3 | AU60: 58 | AV60: 39016 | AW60: 58 | AX60: 39016 | AY60: 58 | AZ60: 39016 | BZ60: 219 | CA60: =CA59+260 -> 41080 | CB60: =CA60*2 -> 82160 | CC60: =CA60*$BT$5+CB60*$BS$2 -> 492.96 | CD60: =CC60/14*13 -> 457.74857 | CE60: =(CA60/$BS$14*5+CB60/$BS$13*5)/14*13 -> 87.23407 | CG60: 219 | CH60: =CH59+195 -> 30380 | CI60: 0 | CJ60: =CH60*$BT$6+CI60*$BS$2 -> 243.04 | CK60: =CJ60/5*13 -> 631.904 | CL60: =(CH60/$BS$15*5+CI60/$BS$13*5)/5*13 -> 131.64667 | CU60: 219 | CV60: 368850 | CW60: 0 | CX60: =CV60*$BT$8+CW60*$BS$2 -> 737.7 | CY60: =CX60/6*13 -> 1598.35 | DD60: 31-50 | DE60: =0.2*DE58 -> 0.002 | DF60: =10*$DO$3/3 -> 50 | DG60: =DF60/(DE60*MAX(DP$17*2.5,DP$18*2.5,DP$19*0.5,DP$20*3.125)) -> 526.75938 | DK60: 第6页 | DL60: =SUM($DH$34*2.5,$DM$34*2.5,$DR$34*0.5,$DW$34*3.125) -> 17240 | DM60: =10000*($DI34*DN$46*2.5+$DN34*DN$47*2.5+$DS34*DN$48*0.5+$DX34*DN$49*3.125) -> 465700.6 | DN60: 5440 | DQ60: 第6页 | DR60: =SUM($DH$34*2.5,$DM$34*2.5,$DR$34*0.5,$DW$34*3.125) -> 17240 | DS60: =10000*($DI34*DT$46*2.5+$DN34*DT$47*2.5+$DS34*DT$48*0.5+$DX34*DT$49*3.125) -> 465700.6 | DT60: 5440 | DW60: 第6页 | DX60: =SUM($DH$34*2.5,$DM$34*2.5,$DR$34*0.5,$DW$34*3.125) -> 17240 | DY60: =10000*($DI34*DZ$46*2.5+$DN34*DZ$47*2.5+$DS34*DZ$48*0.5+$DX34*DZ$49*3.125) -> 341980.3 | DZ60: 5440 | FB60: 58 | FC60: 6810 | FD60: =SUM($FC$3:FC60) -> 202950
AD61: 60 | AE61: 160 | AF61: =AF60+AE61 -> 4680 | AG61: 经验获取加成 | AH61: 0.02 | AI61: =COUNTIF(AG$1:AG61,AG61)*AH61 -> 0.3 | AU61: 59 | AV61: 41731 | AW61: 59 | AX61: 41731 | AY61: 59 | AZ61: 41731 | BZ61: 220 | CA61: =CA60+260 -> 41340 | CB61: =CA61*2 -> 82680 | CC61: =CA61*$BT$5+CB61*$BS$2 -> 496.08 | CD61: =CC61/14*13 -> 460.64571 | CE61: =(CA61/$BS$14*5+CB61/$BS$13*5)/14*13 -> 87.786185 | CG61: 220 | CH61: =CH60+190 -> 30570 | CI61: 0 | CJ61: =CH61*$BT$6+CI61*$BS$2 -> 244.56 | CK61: =CJ61/5*13 -> 635.856 | CL61: =(CH61/$BS$15*5+CI61/$BS$13*5)/5*13 -> 132.47 | CU61: 220 | CV61: 370650 | CW61: 0 | CX61: =CV61*$BT$8+CW61*$BS$2 -> 741.3 | CY61: =CX61/6*13 -> 1606.15 | DD61: 51+ | DE61: =0.05*DE58 -> 0.0005 | DF61: =10*$DO$3/3 -> 50 | DG61: =DF61/(DE61*MAX(DP$17*2.5,DP$18*2.5,DP$19*0.5,DP$20*3.125)) -> 2107.0375 | DK61: 第7页 | DL61: =SUM($DH$35*2.5,$DM$35*2.5,$DR$35*0.5,$DW$35*3.125) -> 17235 | DM61: =10000*($DI35*DN$46*2.5+$DN35*DN$47*2.5+$DS35*DN$48*0.5+$DX35*DN$49*3.125) -> 465685.48 | DN61: 6256 | DQ61: 第7页 | DR61: =SUM($DH$35*2.5,$DM$35*2.5,$DR$35*0.5,$DW$35*3.125) -> 17235 | DS61: =10000*($DI35*DT$46*2.5+$DN35*DT$47*2.5+$DS35*DT$48*0.5+$DX35*DT$49*3.125) -> 465685.48 | DT61: 6256 | DW61: 第7页 | DX61: =SUM($DH$35*2.5,$DM$35*2.5,$DR$35*0.5,$DW$35*3.125) -> 17235 | DY61: =10000*($DI35*DZ$46*2.5+$DN35*DZ$47*2.5+$DS35*DZ$48*0.5+$DX35*DZ$49*3.125) -> 341970.11 | DZ61: 6256 | ED61: 每1万战力所需晨星 | EJ61: 每1万战力所需晨星 | EP61: 每1万战力所需晨星 | EV61: 每1万战力所需晨星 | FB61: 59 | FC61: 6960 | FD61: =SUM($FC$3:FC61) -> 209910
AD62: 61 | AE62: 180 | AF62: =AF61+AE62 -> 4860 | AG62: 副本掉落装备升华率 | AH62: 0.03 | AI62: =COUNTIF(AG$1:AG62,AG62)*AH62 -> 0.48 | AU62: 60 | AV62: 43128 | AW62: 60 | AX62: 43128 | AY62: 60 | AZ62: 43128 | BZ62: 221 | CA62: =CA61+260 -> 41600 | CB62: =CA62*2 -> 83200 | CC62: =CA62*$BT$5+CB62*$BS$2 -> 499.2 | CD62: =CC62/14*13 -> 463.54286 | CE62: =(CA62/$BS$14*5+CB62/$BS$13*5)/14*13 -> 88.338299 | CG62: 221 | CH62: =CH61+195-5 -> 30760 | CI62: 0 | CJ62: =CH62*$BT$6+CI62*$BS$2 -> 246.08 | CK62: =CJ62/5*13 -> 639.808 | CL62: =(CH62/$BS$15*5+CI62/$BS$13*5)/5*13 -> 133.29333 | CU62: 221 | CV62: 372400 | CW62: 0 | CX62: =CV62*$BT$8+CW62*$BS$2 -> 744.8 | CY62: =CX62/6*13 -> 1613.7333 | DK62: 第8页 | DL62: =SUM($DH$36*2.5,$DM$36*2.5,$DR$36*0.5,$DW$36*3.125) -> 17235 | DM62: =10000*($DI36*DN$46*2.5+$DN36*DN$47*2.5+$DS36*DN$48*0.5+$DX36*DN$49*3.125) -> 465685.48 | DN62: 6800 | DQ62: 第8页 | DR62: =SUM($DH$36*2.5,$DM$36*2.5,$DR$36*0.5,$DW$36*3.125) -> 17235 | DS62: =10000*($DI36*DT$46*2.5+$DN36*DT$47*2.5+$DS36*DT$48*0.5+$DX36*DT$49*3.125) -> 465685.48 | DT62: 6800 | DW62: 第8页 | DX62: =SUM($DH$36*2.5,$DM$36*2.5,$DR$36*0.5,$DW$36*3.125) -> 17235 | DY62: =10000*($DI36*DZ$46*2.5+$DN36*DZ$47*2.5+$DS36*DZ$48*0.5+$DX36*DZ$49*3.125) -> 341997.28 | DZ62: 6800 | EC62: 第1页 | ED62: =EF52/16*$DO$2/((ED52+EE52)*EF$41*ED$42/10000) -> 190.07902 | EI62: 第1页 | EJ62: =EL52/16*$DO$2/((EJ52+EK52)*EL$41*EJ$42/10000) -> 211.59589 | EO62: 第1页 | EP62: =ER52/16*$DO$2/((EP52+EQ52)*ER$41*EP$42/10000) -> 286.74614 | EU62: 第1页 | EV62: =EX52/16*$DO$2/((EV52+EW52)*EX$41*EV$42/10000) -> 402.16066 | FB62: 60 | FC62: 7110 | FD62: =SUM($FC$3:FC62) -> 217020
AD63: 62 | AE63: 180 | AF63: =AF62+AE63 -> 5040 | AG63: 宝石获取率 | AH63: 0.05 | AI63: =COUNTIF(AG$1:AG63,AG63)*AH63 -> 0.8 | AU63: 61 | AV63: 45042 | AW63: 61 | AX63: 45042 | AY63: 61 | AZ63: 45042 | BZ63: 222 | CA63: =CA62+260 -> 41860 | CB63: =CA63*2 -> 83720 | CC63: =CA63*$BT$5+CB63*$BS$2 -> 502.32 | CD63: =CC63/14*13 -> 466.44 | CE63: =(CA63/$BS$14*5+CB63/$BS$13*5)/14*13 -> 88.890413 | CG63: 222 | CH63: =CH62+190 -> 30950 | CI63: 0 | CJ63: =CH63*$BT$6+CI63*$BS$2 -> 247.6 | CK63: =CJ63/5*13 -> 643.76 | CL63: =(CH63/$BS$15*5+CI63/$BS$13*5)/5*13 -> 134.11667 | CU63: 222 | CV63: 374200 | CW63: 0 | CX63: =CV63*$BT$8+CW63*$BS$2 -> 748.4 | CY63: =CX63/6*13 -> 1621.5333 | DD63: 紫色需肉 | DE63: 属性 | DF63: 价格 | DG63: 每1万战力所需晨星 | EC63: 第2页 | ED63: =EF53/16*$DO$2/((ED53+EE53)*EF$41*ED$42/10000) -> 457.06228 | EI63: 第2页 | EJ63: =EL53/16*$DO$2/((EJ53+EK53)*EL$41*EJ$42/10000) -> 508.80093 | EO63: 第2页 | EP63: =ER53/16*$DO$2/((EP53+EQ53)*ER$41*EP$42/10000) -> 688.81395 | EU63: 第2页 | EV63: =EX53/16*$DO$2/((EV53+EW53)*EX$41*EV$42/10000) -> 968.56899 | FB63: 61 | FC63: 7260 | FD63: =SUM($FC$3:FC63) -> 224280
AD64: 63 | AE64: 180 | AF64: =AF63+AE64 -> 5220 | AG64: 副本评价奖励翻倍概率 | AH64: 0.02 | AI64: =COUNTIF(AG$1:AG64,AG64)*AH64 -> 0.32 | AU64: 62 | AV64: 45412 | AW64: 62 | AX64: 45412 | AY64: 62 | AZ64: 45412 | BZ64: 223 | CA64: =CA63+260 -> 42120 | CB64: =CA64*2 -> 84240 | CC64: =CA64*$BT$5+CB64*$BS$2 -> 505.44 | CD64: =CC64/14*13 -> 469.33714 | CE64: =(CA64/$BS$14*5+CB64/$BS$13*5)/14*13 -> 89.442528 | CG64: 223 | CH64: =CH63+195 -> 31145 | CI64: 0 | CJ64: =CH64*$BT$6+CI64*$BS$2 -> 249.16 | CK64: =CJ64/5*13 -> 647.816 | CL64: =(CH64/$BS$15*5+CI64/$BS$13*5)/5*13 -> 134.96167 | CU64: 223 | CV64: 375950 | CW64: 0 | CX64: =CV64*$BT$8+CW64*$BS$2 -> 751.9 | CY64: =CX64/6*13 -> 1629.1167 | DD64: 1-10 | DE64: 0.01 | DF64: =(10*$DO$3+2*$DO$6)/3 -> 76.666667 | DG64: =DF64/(DE64*MAX(DP$17*2.5,DP$18*2.5,DP$19*0.5,DP$20*3.125)) -> 161.53954 | DL64: 每1万战力所需晨星 | DR64: 每1万战力所需晨星 | DX64: 每1万战力所需晨星 | EC64: 第3页 | ED64: =EF54/16*$DO$2/((ED54+EE54)*EF$41*ED$42/10000) -> 656.35036 | EI64: 第3页 | EJ64: =EL54/16*$DO$2/((EJ54+EK54)*EL$41*EJ$42/10000) -> 730.64693 | EO64: 第3页 | EP64: =ER54/16*$DO$2/((EP54+EQ54)*ER$41*EP$42/10000) -> 988.42486 | EU64: 第3页 | EV64: =EX54/16*$DO$2/((EV54+EW54)*EX$41*EV$42/10000) -> 1393.5656 | FB64: 62 | FC64: 7410 | FD64: =SUM($FC$3:FC64) -> 231690
AD65: 64 | AE65: 180 | AF65: =AF64+AE65 -> 5400 | AG65: 经验获取加成 | AH65: 0.02 | AI65: =COUNTIF(AG$1:AG65,AG65)*AH65 -> 0.32 | AU65: 63 | AV65: 47152 | AW65: 63 | AX65: 47152 | AY65: 63 | AZ65: 47152 | BZ65: 224 | CA65: =CA64+260 -> 42380 | CB65: =CA65*2 -> 84760 | CC65: =CA65*$BT$5+CB65*$BS$2 -> 508.56 | CD65: =CC65/14*13 -> 472.23429 | CE65: =(CA65/$BS$14*5+CB65/$BS$13*5)/14*13 -> 89.994642 | CG65: 224 | CH65: =CH64+190 -> 31335 | CI65: 0 | CJ65: =CH65*$BT$6+CI65*$BS$2 -> 250.68 | CK65: =CJ65/5*13 -> 651.768 | CL65: =(CH65/$BS$15*5+CI65/$BS$13*5)/5*13 -> 135.785 | CU65: 224 | CV65: 377750 | CW65: 0 | CX65: =CV65*$BT$8+CW65*$BS$2 -> 755.5 | CY65: =CX65/6*13 -> 1636.9167 | DD65: 11-30 | DE65: =0.5*DE64 -> 0.005 | DF65: =(10*$DO$3+2*$DO$6)/3 -> 76.666667 | DG65: =DF65/(DE65*MAX(DP$17*2.5,DP$18*2.5,DP$19*0.5,DP$20*3.125)) -> 323.07908 | DK65: 第1页 | DL65: =DN55/16*$DO$2/((DL55+DM55)*DN$44*DL$45/10000) -> 143.41043 | DQ65: 第1页 | DR65: =DT55/16*$DO$2/((DR55+DS55)*DT$44*DR$45/10000) -> 143.41043 | DW65: 第1页 | DX65: =DZ55/16*$DO$2/((DX55+DY55)*DZ$44*DX$45/10000) -> 142.56907 | EC65: 第4页 | ED65: =EF55/16*$DO$2/((ED55+EE55)*EF$41*ED$42/10000) -> 752.68271 | EI65: 第4页 | EJ65: =EL55/16*$DO$2/((EJ55+EK55)*EL$41*EJ$42/10000) -> 837.88241 | EO65: 第4页 | EP65: =ER55/16*$DO$2/((EP55+EQ55)*ER$41*EP$42/10000) -> 1130.1201 | EU65: 第4页 | EV65: =EX55/16*$DO$2/((EV55+EW55)*EX$41*EV$42/10000) -> 1601.232 | FB65: 63 | FC65: 7560 | FD65: =SUM($FC$3:FC65) -> 239250
AD66: 65 | AE66: 200 | AF66: =AF65+AE66 -> 5600 | AG66: 副本掉落装备升华率 | AH66: 0.03 | AI66: =COUNTIF(AG$1:AG66,AG66)*AH66 -> 0.51 | AU66: 64 | AV66: 47282 | AW66: 64 | AX66: 47282 | AY66: 64 | AZ66: 47282 | BZ66: 225 | CA66: =CA65+260 -> 42640 | CB66: =CA66*2 -> 85280 | CC66: =CA66*$BT$5+CB66*$BS$2 -> 511.68 | CD66: =CC66/14*13 -> 475.13143 | CE66: =(CA66/$BS$14*5+CB66/$BS$13*5)/14*13 -> 90.546757 | CG66: 225 | CH66: =CH65+195 -> 31530 | CI66: 0 | CJ66: =CH66*$BT$6+CI66*$BS$2 -> 252.24 | CK66: =CJ66/5*13 -> 655.824 | CL66: =(CH66/$BS$15*5+CI66/$BS$13*5)/5*13 -> 136.63 | CU66: 225 | CV66: 379500 | CW66: 0 | CX66: =CV66*$BT$8+CW66*$BS$2 -> 759 | CY66: =CX66/6*13 -> 1644.5 | DD66: 31-50 | DE66: =0.2*DE64 -> 0.002 | DF66: =(10*$DO$3+2*$DO$6)/3 -> 76.666667 | DG66: =DF66/(DE66*MAX(DP$17*2.5,DP$18*2.5,DP$19*0.5,DP$20*3.125)) -> 807.69771 | DK66: 第2页 | DL66: =DN56/16*$DO$2/((DL56+DM56)*DN$44*DL$45/10000) -> 345.26997 | DQ66: 第2页 | DR66: =DT56/16*$DO$2/((DR56+DS56)*DT$44*DR$45/10000) -> 345.26997 | DW66: 第2页 | DX66: =DZ56/16*$DO$2/((DX56+DY56)*DZ$44*DX$45/10000) -> 342.82752 | EC66: 第5页 | ED66: =EF56/16*$DO$2/((ED56+EE56)*EF$41*ED$42/10000) -> 865.58511 | EI66: 第5页 | EJ66: =EL56/16*$DO$2/((EJ56+EK56)*EL$41*EJ$42/10000) -> 963.56477 | EO66: 第5页 | EP66: =ER56/16*$DO$2/((EP56+EQ56)*ER$41*EP$42/10000) -> 1299.6381 | EU66: 第5页 | EV66: =EX56/16*$DO$2/((EV56+EW56)*EX$41*EV$42/10000) -> 1841.4168 | FB66: 64 | FC66: 7710 | FD66: =SUM($FC$3:FC66) -> 246960
AD67: 66 | AE67: 200 | AF67: =AF66+AE67 -> 5800 | AG67: 宝石获取率 | AH67: 0.05 | AI67: =COUNTIF(AG$1:AG67,AG67)*AH67 -> 0.85 | AU67: 65 | AV67: 47340 | AW67: 65 | AX67: 47340 | AY67: 65 | AZ67: 47340 | BZ67: 226 | CA67: =CA66+260 -> 42900 | CB67: =CA67*2 -> 85800 | CC67: =CA67*$BT$5+CB67*$BS$2 -> 514.8 | CD67: =CC67/14*13 -> 478.02857 | CE67: =(CA67/$BS$14*5+CB67/$BS$13*5)/14*13 -> 91.098871 | CG67: 226 | CH67: =CH66+190 -> 31720 | CI67: 0 | CJ67: =CH67*$BT$6+CI67*$BS$2 -> 253.76 | CK67: =CJ67/5*13 -> 659.776 | CL67: =(CH67/$BS$15*5+CI67/$BS$13*5)/5*13 -> 137.45333 | CU67: 226 | CV67: 381300 | CW67: 0 | CX67: =CV67*$BT$8+CW67*$BS$2 -> 762.6 | CY67: =CX67/6*13 -> 1652.3 | DD67: 51+ | DE67: =0.05*DE64 -> 0.0005 | DF67: =(10*$DO$3+2*$DO$6)/3 -> 76.666667 | DG67: =DF67/(DE67*MAX(DP$17*2.5,DP$18*2.5,DP$19*0.5,DP$20*3.125)) -> 3230.7908 | DK67: 第3页 | DL67: =DN57/16*$DO$2/((DL57+DM57)*DN$44*DL$45/10000) -> 496.56605 | DQ67: 第3页 | DR67: =DT57/16*$DO$2/((DR57+DS57)*DT$44*DR$45/10000) -> 496.56605 | DW67: 第3页 | DX67: =DZ57/16*$DO$2/((DX57+DY57)*DZ$44*DX$45/10000) -> 492.34445 | EC67: 第6页 | ED67: =EF57/16*$DO$2/((ED57+EE57)*EF$41*ED$42/10000) -> 997.48736 | EI67: 第6页 | EJ67: =EL57/16*$DO$2/((EJ57+EK57)*EL$41*EJ$42/10000) -> 1110.3959 | EO67: 第6页 | EP67: =ER57/16*$DO$2/((EP57+EQ57)*ER$41*EP$42/10000) -> 1495.7026 | EU67: 第6页 | EV67: =EX57/16*$DO$2/((EV57+EW57)*EX$41*EV$42/10000) -> 2126.2442 | FB67: 65 | FC67: 7860 | FD67: =SUM($FC$3:FC67) -> 254820
AD68: 67 | AE68: 200 | AF68: =AF67+AE68 -> 6000 | AG68: 副本评价奖励翻倍概率 | AH68: 0.02 | AI68: =COUNTIF(AG$1:AG68,AG68)*AH68 -> 0.34 | AU68: 66 | AV68: 50487 | AW68: 66 | AX68: 50487 | AY68: 66 | AZ68: 50487 | BZ68: 227 | CA68: =CA67+260 -> 43160 | CB68: =CA68*2 -> 86320 | CC68: =CA68*$BT$5+CB68*$BS$2 -> 517.92 | CD68: =CC68/14*13 -> 480.92571 | CE68: =(CA68/$BS$14*5+CB68/$BS$13*5)/14*13 -> 91.650985 | CG68: 227 | CH68: =CH67+195 -> 31915 | CI68: 0 | CJ68: =CH68*$BT$6+CI68*$BS$2 -> 255.32 | CK68: =CJ68/5*13 -> 663.832 | CL68: =(CH68/$BS$15*5+CI68/$BS$13*5)/5*13 -> 138.29833 | CU68: 227 | CV68: 383050 | CW68: 0 | CX68: =CV68*$BT$8+CW68*$BS$2 -> 766.1 | CY68: =CX68/6*13 -> 1659.8833 | DK68: 第4页 | DL68: =DN58/16*$DO$2/((DL58+DM58)*DN$44*DL$45/10000) -> 570.33281 | DQ68: 第4页 | DR68: =DT58/16*$DO$2/((DR58+DS58)*DT$44*DR$45/10000) -> 570.33281 | DW68: 第4页 | DX68: =DZ58/16*$DO$2/((DX58+DY58)*DZ$44*DX$45/10000) -> 564.56752 | EC68: 第7页 | ED68: =EF58/16*$DO$2/((ED58+EE58)*EF$41*ED$42/10000) -> 1147.1264 | EI68: 第7页 | EJ68: =EL58/16*$DO$2/((EJ58+EK58)*EL$41*EJ$42/10000) -> 1276.973 | EO68: 第7页 | EP68: =ER58/16*$DO$2/((EP58+EQ58)*ER$41*EP$42/10000) -> 1721.0326 | EU68: 第7页 | EV68: =EX58/16*$DO$2/((EV58+EW58)*EX$41*EV$42/10000) -> 2445.3471 | FB68: 66 | FC68: 8040 | FD68: =SUM($FC$3:FC68) -> 262860
AD69: 68 | AE69: 200 | AF69: =AF68+AE69 -> 6200 | AG69: 经验获取加成 | AH69: 0.02 | AI69: =COUNTIF(AG$1:AG69,AG69)*AH69 -> 0.34 | AU69: 67 | AV69: 53076 | AW69: 67 | AX69: 53076 | AY69: 67 | AZ69: 53076 | BZ69: 228 | CA69: =CA68+260 -> 43420 | CB69: =CA69*2 -> 86840 | CC69: =CA69*$BT$5+CB69*$BS$2 -> 521.04 | CD69: =CC69/14*13 -> 483.82286 | CE69: =(CA69/$BS$14*5+CB69/$BS$13*5)/14*13 -> 92.2031 | CG69: 228 | CH69: =CH68+190 -> 32105 | CI69: 0 | CJ69: =CH69*$BT$6+CI69*$BS$2 -> 256.84 | CK69: =CJ69/5*13 -> 667.784 | CL69: =(CH69/$BS$15*5+CI69/$BS$13*5)/5*13 -> 139.12167 | CU69: 228 | CV69: 384850 | CW69: 0 | CX69: =CV69*$BT$8+CW69*$BS$2 -> 769.7 | CY69: =CX69/6*13 -> 1667.6833 | DD69: 橙色无肉 | DE69: 属性 | DF69: 价格 | DG69: 每1万战力所需晨星 | DH69: 最低价所需耀星 | DK69: 第5页 | DL69: =DN59/16*$DO$2/((DL59+DM59)*DN$44*DL$45/10000) -> 655.88274 | DQ69: 第5页 | DR69: =DT59/16*$DO$2/((DR59+DS59)*DT$44*DR$45/10000) -> 655.88274 | DW69: 第5页 | DX69: =DZ59/16*$DO$2/((DX59+DY59)*DZ$44*DX$45/10000) -> 649.25265 | EC69: 第8页 | ED69: =EF59/16*$DO$2/((ED59+EE59)*EF$41*ED$42/10000) -> 1246.8766 | EI69: 第8页 | EJ69: =EL59/16*$DO$2/((EJ59+EK59)*EL$41*EJ$42/10000) -> 1388.0142 | EO69: 第8页 | EP69: =ER59/16*$DO$2/((EP59+EQ59)*ER$41*EP$42/10000) -> 1868.7084 | EU69: 第8页 | EV69: =EX59/16*$DO$2/((EV59+EW59)*EX$41*EV$42/10000) -> 2657.986 | FB69: 67 | FC69: 8220 | FD69: =SUM($FC$3:FC69) -> 271080
AD70: 69 | AE70: 220 | AF70: =AF69+AE70 -> 6420 | AG70: 副本掉落装备升华率 | AH70: 0.03 | AI70: =COUNTIF(AG$1:AG70,AG70)*AH70 -> 0.54 | AU70: 68 | AV70: 54257 | AW70: 68 | AX70: 54257 | AY70: 68 | AZ70: 54257 | BZ70: 229 | CA70: =CA69+260 -> 43680 | CB70: =CA70*2 -> 87360 | CC70: =CA70*$BT$5+CB70*$BS$2 -> 524.16 | CD70: =CC70/14*13 -> 486.72 | CE70: =(CA70/$BS$14*5+CB70/$BS$13*5)/14*13 -> 92.755214 | CG70: 229 | CH70: =CH69+195 -> 32300 | CI70: 0 | CJ70: =CH70*$BT$6+CI70*$BS$2 -> 258.4 | CK70: =CJ70/5*13 -> 671.84 | CL70: =(CH70/$BS$15*5+CI70/$BS$13*5)/5*13 -> 139.96667 | CU70: 229 | CV70: 386600 | CW70: 0 | CX70: =CV70*$BT$8+CW70*$BS$2 -> 773.2 | CY70: =CX70/6*13 -> 1675.2667 | DD70: 1-10 | DE70: 0.015 | DF70: =10*$DO$4 -> 150 | DG70: =DF70/(DE70*MAX(DP$17*2.5,DP$18*2.5,DP$19*0.5,DP$20*3.125)) -> 210.70375 | DH70: =200/(DE70*MAX(DP$17*2.5,DP$18*2.5,DP$19*0.5,DP$20*3.125)) -> 280.93833 | DK70: 第6页 | DL70: =DN60/16*$DO$2/((DL60+DM60)*DN$44*DL$45/10000) -> 757.0111 | DQ70: 第6页 | DR70: =DT60/16*$DO$2/((DR60+DS60)*DT$44*DR$45/10000) -> 757.0111 | DW70: 第6页 | DX70: =DZ60/16*$DO$2/((DX60+DY60)*DZ$44*DX$45/10000) -> 748.21691 | FB70: 68 | FC70: 8400 | FD70: =SUM($FC$3:FC70) -> 279480
AD71: 70 | AE71: 220 | AF71: =AF70+AE71 -> 6640 | AG71: 宝石获取率 | AH71: 0.05 | AI71: =COUNTIF(AG$1:AG71,AG71)*AH71 -> 0.9 | AU71: 69 | AV71: 54405 | AW71: 69 | AX71: 54405 | AY71: 69 | AZ71: 54405 | BZ71: 230 | CA71: =CA70+260 -> 43940 | CB71: =CA71*2 -> 87880 | CC71: =CA71*$BT$5+CB71*$BS$2 -> 527.28 | CD71: =CC71/14*13 -> 489.61714 | CE71: =(CA71/$BS$14*5+CB71/$BS$13*5)/14*13 -> 93.307328 | CG71: 230 | CH71: =CH70+190 -> 32490 | CI71: 0 | CJ71: =CH71*$BT$6+CI71*$BS$2 -> 259.92 | CK71: =CJ71/5*13 -> 675.792 | CL71: =(CH71/$BS$15*5+CI71/$BS$13*5)/5*13 -> 140.79 | CU71: 230 | CV71: 388400 | CW71: 0 | CX71: =CV71*$BT$8+CW71*$BS$2 -> 776.8 | CY71: =CX71/6*13 -> 1683.0667 | DD71: 11-30 | DE71: =0.5*DE70 -> 0.0075 | DF71: =10*$DO$4 -> 150 | DG71: =DF71/(DE71*MAX(DP$17*2.5,DP$18*2.5,DP$19*0.5,DP$20*3.125)) -> 421.4075 | DH71: =200/(DE71*MAX(DP$17*2.5,DP$18*2.5,DP$19*0.5,DP$20*3.125)) -> 561.87667 | DK71: 第7页 | DL71: =DN61/16*$DO$2/((DL61+DM61)*DN$44*DL$45/10000) -> 870.59904 | DQ71: 第7页 | DR71: =DT61/16*$DO$2/((DR61+DS61)*DT$44*DR$45/10000) -> 870.59904 | DW71: 第7页 | DX71: =DZ61/16*$DO$2/((DX61+DY61)*DZ$44*DX$45/10000) -> 860.48584 | FB71: 69 | FC71: 8580 | FD71: =SUM($FC$3:FC71) -> 288060
AD72: 71 | AE72: 220 | AF72: =AF71+AE72 -> 6860 | AG72: 副本评价奖励翻倍概率 | AH72: 0.02 | AI72: =COUNTIF(AG$1:AG72,AG72)*AH72 -> 0.36 | AU72: 70 | AV72: 197114 | AW72: 70 | AX72: 197114 | AY72: 70 | AZ72: 197114 | BZ72: 231 | CA72: =CA71+260 -> 44200 | CB72: =CA72*2 -> 88400 | CC72: =CA72*$BT$5+CB72*$BS$2 -> 530.4 | CD72: =CC72/14*13 -> 492.51429 | CE72: =(CA72/$BS$14*5+CB72/$BS$13*5)/14*13 -> 93.859443 | CG72: 231 | CH72: =CH71+195 -> 32685 | CI72: 0 | CJ72: =CH72*$BT$6+CI72*$BS$2 -> 261.48 | CK72: =CJ72/5*13 -> 679.848 | CL72: =(CH72/$BS$15*5+CI72/$BS$13*5)/5*13 -> 141.635 | CU72: 231 | CV72: 390150 | CW72: 0 | CX72: =CV72*$BT$8+CW72*$BS$2 -> 780.3 | CY72: =CX72/6*13 -> 1690.65 | DD72: 31-50 | DE72: =0.2*DE70 -> 0.003 | DF72: =10*$DO$4 -> 150 | DG72: =DF72/(DE72*MAX(DP$17*2.5,DP$18*2.5,DP$19*0.5,DP$20*3.125)) -> 1053.5188 | DH72: =200/(DE72*MAX(DP$17*2.5,DP$18*2.5,DP$19*0.5,DP$20*3.125)) -> 1404.6917 | DK72: 第8页 | DL72: =DN62/16*$DO$2/((DL62+DM62)*DN$44*DL$45/10000) -> 946.3033 | DQ72: 第8页 | DR72: =DT62/16*$DO$2/((DR62+DS62)*DT$44*DR$45/10000) -> 946.3033 | DW72: 第8页 | DX72: =DZ62/16*$DO$2/((DX62+DY62)*DZ$44*DX$45/10000) -> 935.23994 | FB72: 70 | FC72: 8760 | FD72: =SUM($FC$3:FC72) -> 296820
AD73: 72 | AE73: 220 | AF73: =AF72+AE73 -> 7080 | AG73: 经验获取加成 | AH73: 0.02 | AI73: =COUNTIF(AG$1:AG73,AG73)*AH73 -> 0.36 | AU73: 71 | AV73: 310414 | AW73: 71 | AX73: 310414 | AY73: 71 | AZ73: 310414 | BZ73: 232 | CA73: =CA72+260 -> 44460 | CB73: =CA73*2 -> 88920 | CC73: =CA73*$BT$5+CB73*$BS$2 -> 533.52 | CD73: =CC73/14*13 -> 495.41143 | CE73: =(CA73/$BS$14*5+CB73/$BS$13*5)/14*13 -> 94.411557 | CG73: 232 | CH73: =CH72+190 -> 32875 | CI73: 0 | CJ73: =CH73*$BT$6+CI73*$BS$2 -> 263 | CK73: =CJ73/5*13 -> 683.8 | CL73: =(CH73/$BS$15*5+CI73/$BS$13*5)/5*13 -> 142.45833 | CU73: 232 | CV73: 391950 | CW73: 0 | CX73: =CV73*$BT$8+CW73*$BS$2 -> 783.9 | CY73: =CX73/6*13 -> 1698.45 | DD73: 51+ | DE73: =0.05*DE70 -> 0.00075 | DF73: =10*$DO$4 -> 150 | DG73: =DF73/(DE73*MAX(DP$17*2.5,DP$18*2.5,DP$19*0.5,DP$20*3.125)) -> 4214.075 | DH73: =200/(DE73*MAX(DP$17*2.5,DP$18*2.5,DP$19*0.5,DP$20*3.125)) -> 5618.7667 | FB73: 71 | FC73: 8940 | FD73: =SUM($FC$3:FC73) -> 305760
AD74: 73 | AE74: 240 | AF74: =AF73+AE74 -> 7320 | AG74: 副本掉落装备升华率 | AH74: 0.03 | AI74: =COUNTIF(AG$1:AG74,AG74)*AH74 -> 0.57 | AU74: 72 | AV74: 330204 | AW74: 72 | AX74: 330204 | AY74: 72 | AZ74: 330204 | BZ74: 233 | CA74: =CA73+260 -> 44720 | CB74: =CA74*2 -> 89440 | CC74: =CA74*$BT$5+CB74*$BS$2 -> 536.64 | CD74: =CC74/14*13 -> 498.30857 | CE74: =(CA74/$BS$14*5+CB74/$BS$13*5)/14*13 -> 94.963672 | CG74: 233 | CH74: =CH73+195 -> 33070 | CI74: 0 | CJ74: =CH74*$BT$6+CI74*$BS$2 -> 264.56 | CK74: =CJ74/5*13 -> 687.856 | CL74: =(CH74/$BS$15*5+CI74/$BS$13*5)/5*13 -> 143.30333 | CU74: 233 | CV74: 393700 | CW74: 0 | CX74: =CV74*$BT$8+CW74*$BS$2 -> 787.4 | CY74: =CX74/6*13 -> 1706.0333 | DJ74: 9 | DK74: 选择幻兽品质 | DL74: =属性晨星性价比!AI17 -> 传说 | DM74: 占位 | DN74: =IF(DL74="奇迹",1.2,IF(DL74="传说",1.1,1)) -> 1.1 | DP74: 10 | DQ74: 选择幻兽品质 | DR74: =属性晨星性价比!AM17 -> 传说 | DS74: 占位 | DT74: =IF(DR74="奇迹",1.2,IF(DR74="传说",1.1,1)) -> 1.1 | FB74: 72 | FC74: 9120 | FD74: =SUM($FC$3:FC74) -> 314880
AD75: 74 | AE75: 240 | AF75: =AF74+AE75 -> 7560 | AG75: 宝石获取率 | AH75: 0.05 | AI75: =COUNTIF(AG$1:AG75,AG75)*AH75 -> 0.95 | AU75: 73 | AV75: 334735 | AW75: 73 | AX75: 334735 | AY75: 73 | AZ75: 334735 | BZ75: 234 | CA75: =CA74+260 -> 44980 | CB75: =CA75*2 -> 89960 | CC75: =CA75*$BT$5+CB75*$BS$2 -> 539.76 | CD75: =CC75/14*13 -> 501.20571 | CE75: =(CA75/$BS$14*5+CB75/$BS$13*5)/14*13 -> 95.515786 | CG75: 234 | CH75: =CH74+190 -> 33260 | CI75: 0 | CJ75: =CH75*$BT$6+CI75*$BS$2 -> 266.08 | CK75: =CJ75/5*13 -> 691.808 | CL75: =(CH75/$BS$15*5+CI75/$BS$13*5)/5*13 -> 144.12667 | CU75: 234 | CV75: 395500 | CW75: 0 | CX75: =CV75*$BT$8+CW75*$BS$2 -> 791 | CY75: =CX75/6*13 -> 1713.8333 | DD75: 橙色需肉 | DE75: 属性 | DF75: 价格 | DG75: 每1万战力所需晨星 | DH75: 最低价所需耀星 | DK75: 当前幻兽同调率 | DL75: =属性晨星性价比!AI18 -> 0.69 | DN75: 实际面板 | DQ75: 当前幻兽同调率 | DR75: =属性晨星性价比!AM18 -> 0.69 | DT75: 实际面板 | FB75: 73 | FC75: 9300 | FD75: =SUM($FC$3:FC75) -> 324180
AD76: 75 | AE76: 240 | AF76: =AF75+AE76 -> 7800 | AG76: 副本评价奖励翻倍概率 | AH76: 0.02 | AI76: =COUNTIF(AG$1:AG76,AG76)*AH76 -> 0.38 | AU76: 74 | AV76: 348791 | AW76: 74 | AX76: 348791 | AY76: 74 | AZ76: 348791 | BZ76: 235 | CA76: =CA75+260 -> 45240 | CB76: =CA76*2 -> 90480 | CC76: =CA76*$BT$5+CB76*$BS$2 -> 542.88 | CD76: =CC76/14*13 -> 504.10286 | CE76: =(CA76/$BS$14*5+CB76/$BS$13*5)/14*13 -> 96.0679 | CG76: 235 | CH76: =CH75+195 -> 33455 | CI76: 0 | CJ76: =CH76*$BT$6+CI76*$BS$2 -> 267.64 | CK76: =CJ76/5*13 -> 695.864 | CL76: =(CH76/$BS$15*5+CI76/$BS$13*5)/5*13 -> 144.97167 | CU76: 235 | CV76: 397250 | CW76: 0 | CX76: =CV76*$BT$8+CW76*$BS$2 -> 794.5 | CY76: =CX76/6*13 -> 1721.4167 | DD76: 1-10 | DE76: 0.015 | DF76: =(10*$DO$4+2*$DO$7) -> 230 | DG76: =DF76/(DE76*MAX(DP$17*2.5,DP$18*2.5,DP$19*0.5,DP$20*3.125)) -> 323.07908 | DH76: =200/(DE76*MAX(DP$17*2.5,DP$18*2.5,DP$19*0.5,DP$20*3.125)) -> 280.93833 | DK76: 当前重置后幻兽面板 | DL76: 攻击力 | DM76: =属性晨星性价比!AI19 -> 5.9 | DN76: =DM76/DL$75 -> 8.5507246 | DQ76: 当前重置后幻兽面板 | DR76: 攻击力 | DS76: =属性晨星性价比!AM19 -> 5.9 | DT76: =DS76/DR$75 -> 8.5507246 | FB76: 74 | FC76: 9480 | FD76: =SUM($FC$3:FC76) -> 333660
AD77: 76 | AE77: 240 | AF77: =AF76+AE77 -> 8040 | AG77: 经验获取加成 | AH77: 0.02 | AI77: =COUNTIF(AG$1:AG77,AG77)*AH77 -> 0.38 | AU77: 75 | AV77: 360389 | AW77: 75 | AX77: 360389 | AY77: 75 | AZ77: 360389 | BZ77: 236 | CA77: =CA76+260 -> 45500 | CB77: =CA77*2 -> 91000 | CC77: =CA77*$BT$5+CB77*$BS$2 -> 546 | CD77: =CC77/14*13 -> 507 | CE77: =(CA77/$BS$14*5+CB77/$BS$13*5)/14*13 -> 96.620015 | CG77: 236 | CH77: =CH76+190 -> 33645 | CI77: 0 | CJ77: =CH77*$BT$6+CI77*$BS$2 -> 269.16 | CK77: =CJ77/5*13 -> 699.816 | CL77: =(CH77/$BS$15*5+CI77/$BS$13*5)/5*13 -> 145.795 | CU77: 236 | CV77: 399050 | CW77: 0 | CX77: =CV77*$BT$8+CW77*$BS$2 -> 798.1 | CY77: =CX77/6*13 -> 1729.2167 | DD77: 11-30 | DE77: =0.5*DE76 -> 0.0075 | DF77: =(10*$DO$4+2*$DO$7) -> 230 | DG77: =DF77/(DE77*MAX(DP$17*2.5,DP$18*2.5,DP$19*0.5,DP$20*3.125)) -> 646.15817 | DH77: =200/(DE77*MAX(DP$17*2.5,DP$18*2.5,DP$19*0.5,DP$20*3.125)) -> 561.87667 | DL77: 防御力 | DM77: =属性晨星性价比!AI20 -> 5.9 | DN77: =DM77/DL$75 -> 8.5507246 | DR77: 防御力 | DS77: =属性晨星性价比!AM20 -> 5.9 | DT77: =DS77/DR$75 -> 8.5507246 | FB77: 75 | FC77: 9660 | FD77: =SUM($FC$3:FC77) -> 343320
AD78: 77 | AE78: 260 | AF78: =AF77+AE78 -> 8300 | AG78: 副本掉落装备升华率 | AH78: 0.03 | AI78: =COUNTIF(AG$1:AG78,AG78)*AH78 -> 0.6 | AU78: 76 | AV78: 360701 | AW78: 76 | AX78: 360701 | AY78: 76 | AZ78: 360701 | BZ78: 237 | CA78: =CA77+260 -> 45760 | CB78: =CA78*2 -> 91520 | CC78: =CA78*$BT$5+CB78*$BS$2 -> 549.12 | CD78: =CC78/14*13 -> 509.89714 | CE78: =(CA78/$BS$14*5+CB78/$BS$13*5)/14*13 -> 97.172129 | CG78: 237 | CH78: =CH77+195 -> 33840 | CI78: 0 | CJ78: =CH78*$BT$6+CI78*$BS$2 -> 270.72 | CK78: =CJ78/5*13 -> 703.872 | CL78: =(CH78/$BS$15*5+CI78/$BS$13*5)/5*13 -> 146.64 | CU78: 237 | CV78: 400800 | CW78: 0 | CX78: =CV78*$BT$8+CW78*$BS$2 -> 801.6 | CY78: =CX78/6*13 -> 1736.8 | DD78: 31-50 | DE78: =0.2*DE76 -> 0.003 | DF78: =(10*$DO$4+2*$DO$7) -> 230 | DG78: =DF78/(DE78*MAX(DP$17*2.5,DP$18*2.5,DP$19*0.5,DP$20*3.125)) -> 1615.3954 | DH78: =200/(DE78*MAX(DP$17*2.5,DP$18*2.5,DP$19*0.5,DP$20*3.125)) -> 1404.6917 | DL78: 生命值 | DM78: =属性晨星性价比!AI21 -> 29.5 | DN78: =DM78/DL$75 -> 42.753623 | DR78: 生命值 | DS78: =属性晨星性价比!AM21 -> 29.5 | DT78: =DS78/DR$75 -> 42.753623 | FB78: 76 | FC78: 9840 | FD78: =SUM($FC$3:FC78) -> 353160
AD79: 78 | AE79: 260 | AF79: =AF78+AE79 -> 8560 | AG79: 宝石获取率 | AH79: 0.05 | AI79: =COUNTIF(AG$1:AG79,AG79)*AH79 -> 1 | AU79: 77 | AV79: 362826 | AW79: 77 | AX79: 362826 | AY79: 77 | AZ79: 362826 | BZ79: 238 | CA79: =CA78+260 -> 46020 | CB79: =CA79*2 -> 92040 | CC79: =CA79*$BT$5+CB79*$BS$2 -> 552.24 | CD79: =CC79/14*13 -> 512.79429 | CE79: =(CA79/$BS$14*5+CB79/$BS$13*5)/14*13 -> 97.724243 | CG79: 238 | CH79: =CH78+190 -> 34030 | CI79: 0 | CJ79: =CH79*$BT$6+CI79*$BS$2 -> 272.24 | CK79: =CJ79/5*13 -> 707.824 | CL79: =(CH79/$BS$15*5+CI79/$BS$13*5)/5*13 -> 147.46333 | CU79: 238 | CV79: 402600 | CW79: 0 | CX79: =CV79*$BT$8+CW79*$BS$2 -> 805.2 | CY79: =CX79/6*13 -> 1744.6 | DD79: 51+ | DE79: =0.05*DE76 -> 0.00075 | DF79: =(10*$DO$4+2*$DO$7) -> 230 | DG79: =DF79/(DE79*MAX(DP$17*2.5,DP$18*2.5,DP$19*0.5,DP$20*3.125)) -> 6461.5817 | DH79: =200/(DE79*MAX(DP$17*2.5,DP$18*2.5,DP$19*0.5,DP$20*3.125)) -> 5618.7667 | DL79: 速度 | DM79: =属性晨星性价比!AI22 -> 4.72 | DN79: =DM79/DL$75 -> 6.8405797 | DR79: 速度 | DS79: =属性晨星性价比!AM22 -> 4.72 | DT79: =DS79/DR$75 -> 6.8405797 | FB79: 77 | FC79: 10020 | FD79: =SUM($FC$3:FC79) -> 363180
AD80: 79 | AE80: 260 | AF80: =AF79+AE80 -> 8820 | AG80: 副本评价奖励翻倍概率 | AH80: 0.02 | AI80: =COUNTIF(AG$1:AG80,AG80)*AH80 -> 0.4 | AU80: 78 | AV80: 378632 | AW80: 78 | AX80: 378632 | AY80: 78 | AZ80: 378632 | BZ80: 239 | CA80: =CA79+260 -> 46280 | CB80: =CA80*2 -> 92560 | CC80: =CA80*$BT$5+CB80*$BS$2 -> 555.36 | CD80: =CC80/14*13 -> 515.69143 | CE80: =(CA80/$BS$14*5+CB80/$BS$13*5)/14*13 -> 98.276358 | CG80: 239 | CH80: =CH79+195 -> 34225 | CI80: 0 | CJ80: =CH80*$BT$6+CI80*$BS$2 -> 273.8 | CK80: =CJ80/5*13 -> 711.88 | CL80: =(CH80/$BS$15*5+CI80/$BS$13*5)/5*13 -> 148.30833 | CU80: 239 | CV80: 404350 | CW80: 0 | CX80: =CV80*$BT$8+CW80*$BS$2 -> 808.7 | CY80: =CX80/6*13 -> 1752.1833 | FB80: 78 | FC80: 10230 | FD80: =SUM($FC$3:FC80) -> 373410
AD81: 80 | AE81: 260 | AF81: =AF80+AE81 -> 9080 | AG81: 经验获取加成 | AH81: 0.02 | AI81: =COUNTIF(AG$1:AG81,AG81)*AH81 -> 0.4 | AU81: 79 | AV81: 379059 | AW81: 79 | AX81: 379059 | AY81: 79 | AZ81: 379059 | BZ81: 240 | CA81: =CA80+260 -> 46540 | CB81: =CA81*2 -> 93080 | CC81: =CA81*$BT$5+CB81*$BS$2 -> 558.48 | CD81: =CC81/14*13 -> 518.58857 | CE81: =(CA81/$BS$14*5+CB81/$BS$13*5)/14*13 -> 98.828472 | CG81: 240 | CH81: =CH80+190 -> 34415 | CI81: 0 | CJ81: =CH81*$BT$6+CI81*$BS$2 -> 275.32 | CK81: =CJ81/5*13 -> 715.832 | CL81: =(CH81/$BS$15*5+CI81/$BS$13*5)/5*13 -> 149.13167 | CU81: 240 | CV81: 406150 | CW81: 0 | CX81: =CV81*$BT$8+CW81*$BS$2 -> 812.3 | CY81: =CX81/6*13 -> 1759.9833 | DD81: 金色3%无肉 | DE81: 属性 | DF81: 价格 | DG81: 每1万战力所需晨星 | DH81: 最低价所需耀星 | FB81: 79 | FC81: 10440 | FD81: =SUM($FC$3:FC81) -> 383850
AD82: 81 | AE82: 280 | AF82: =AF81+AE82 -> 9360 | AG82: 副本掉落装备升华率 | AH82: 0.03 | AI82: =COUNTIF(AG$1:AG82,AG82)*AH82 -> 0.63 | AU82: 80 | AV82: 408765 | AW82: 80 | AX82: 408765 | AY82: 80 | AZ82: 408765 | BZ82: 241 | CA82: =CA81+260 -> 46800 | CB82: =CA82*2 -> 93600 | CC82: =CA82*$BT$5+CB82*$BS$2 -> 561.6 | CD82: =CC82/14*13 -> 521.48571 | CE82: =(CA82/$BS$14*5+CB82/$BS$13*5)/14*13 -> 99.380586 | CG82: 241 | CH82: =CH81+195-5 -> 34605 | CI82: 0 | CJ82: =CH82*$BT$6+CI82*$BS$2 -> 276.84 | CK82: =CJ82/5*13 -> 719.784 | CL82: =(CH82/$BS$15*5+CI82/$BS$13*5)/5*13 -> 149.955 | CU82: 241 | CV82: 407900 | CW82: 0 | CX82: =CV82*$BT$8+CW82*$BS$2 -> 815.8 | CY82: =CX82/6*13 -> 1767.5667 | DD82: 1-10 | DE82: 0.03 | DF82: =10*$DO$5 -> 450 | DG82: =DF82/(DE82*MAX(DP$17*2.5,DP$18*2.5,DP$19*0.5,DP$20*3.125)) -> 316.05563 | DH82: =600/(DE82*MAX(DP$17*2.5,DP$18*2.5,DP$19*0.5,DP$20*3.125)) -> 421.4075 | DK82: 幻兽 | DQ82: 幻兽 | FB82: 80 | FC82: 10650 | FD82: =SUM($FC$3:FC82) -> 394500
AD83: 82 | AE83: 280 | AF83: =AF82+AE83 -> 9640 | AG83: 宝石获取率 | AH83: 0.05 | AI83: =COUNTIF(AG$1:AG83,AG83)*AH83 -> 1.05 | AU83: 81 | AV83: 440713 | AW83: 81 | AX83: 440713 | AY83: 81 | AZ83: 440713 | BZ83: 242 | CA83: =CA82+260 -> 47060 | CB83: =CA83*2 -> 94120 | CC83: =CA83*$BT$5+CB83*$BS$2 -> 564.72 | CD83: =CC83/14*13 -> 524.38286 | CE83: =(CA83/$BS$14*5+CB83/$BS$13*5)/14*13 -> 99.932701 | CG83: 242 | CH83: =CH82+190 -> 34795 | CI83: 0 | CJ83: =CH83*$BT$6+CI83*$BS$2 -> 278.36 | CK83: =CJ83/5*13 -> 723.736 | CL83: =(CH83/$BS$15*5+CI83/$BS$13*5)/5*13 -> 150.77833 | CU83: 242 | CV83: 409700 | CW83: 0 | CX83: =CV83*$BT$8+CW83*$BS$2 -> 819.4 | CY83: =CX83/6*13 -> 1775.3667 | DD83: 11-30 | DE83: =0.5*DE82 -> 0.015 | DF83: =10*$DO$5 -> 450 | DG83: =DF83/(DE83*MAX(DP$17*2.5,DP$18*2.5,DP$19*0.5,DP$20*3.125)) -> 632.11125 | DH83: =600/(DE83*MAX(DP$17*2.5,DP$18*2.5,DP$19*0.5,DP$20*3.125)) -> 842.815 | DK83: 蓝色 | DQ83: 蓝色 | FB83: 81 | FC83: 10860 | FD83: =SUM($FC$3:FC83) -> 405360
AD84: 83 | AE84: 280 | AF84: =AF83+AE84 -> 9920 | AG84: 副本评价奖励翻倍概率 | AH84: 0.02 | AI84: =COUNTIF(AG$1:AG84,AG84)*AH84 -> 0.42 | AU84: 82 | AV84: 464670 | AW84: 82 | AX84: 464670 | AY84: 82 | AZ84: 464670 | BZ84: 243 | CA84: =CA83+260 -> 47320 | CB84: =CA84*2 -> 94640 | CC84: =CA84*$BT$5+CB84*$BS$2 -> 567.84 | CD84: =CC84/14*13 -> 527.28 | CE84: =(CA84/$BS$14*5+CB84/$BS$13*5)/14*13 -> 100.48482 | CG84: 243 | CH84: =CH83+195 -> 34990 | CI84: 0 | CJ84: =CH84*$BT$6+CI84*$BS$2 -> 279.92 | CK84: =CJ84/5*13 -> 727.792 | CL84: =(CH84/$BS$15*5+CI84/$BS$13*5)/5*13 -> 151.62333 | CU84: 243 | CV84: 411450 | CW84: 0 | CX84: =CV84*$BT$8+CW84*$BS$2 -> 822.9 | CY84: =CX84/6*13 -> 1782.95 | DD84: 31-50 | DE84: =0.2*DE82 -> 0.006 | DF84: =10*$DO$5 -> 450 | DG84: =DF84/(DE84*MAX(DP$17*2.5,DP$18*2.5,DP$19*0.5,DP$20*3.125)) -> 1580.2781 | DH84: =600/(DE84*MAX(DP$17*2.5,DP$18*2.5,DP$19*0.5,DP$20*3.125)) -> 2107.0375 | DL84: 总固定属性战力 | DM84: 总常规属性战力 | DN84: 所需蓝材料 | DR84: 总固定属性战力 | DS84: 总常规属性战力 | DT84: 所需蓝材料 | FB84: 82 | FC84: 11070 | FD84: =SUM($FC$3:FC84) -> 416430
AD85: 84 | AE85: 280 | AF85: =AF84+AE85 -> 10200 | AG85: 经验获取加成 | AH85: 0.02 | AI85: =COUNTIF(AG$1:AG85,AG85)*AH85 -> 0.42 | AU85: 83 | AV85: 467234 | AW85: 83 | AX85: 467234 | AY85: 83 | AZ85: 467234 | BZ85: 244 | CA85: =CA84+260 -> 47580 | CB85: =CA85*2 -> 95160 | CC85: =CA85*$BT$5+CB85*$BS$2 -> 570.96 | CD85: =CC85/14*13 -> 530.17714 | CE85: =(CA85/$BS$14*5+CB85/$BS$13*5)/14*13 -> 101.03693 | CG85: 244 | CH85: =CH84+190 -> 35180 | CI85: 0 | CJ85: =CH85*$BT$6+CI85*$BS$2 -> 281.44 | CK85: =CJ85/5*13 -> 731.744 | CL85: =(CH85/$BS$15*5+CI85/$BS$13*5)/5*13 -> 152.44667 | CU85: 244 | CV85: 413250 | CW85: 0 | CX85: =CV85*$BT$8+CW85*$BS$2 -> 826.5 | CY85: =CX85/6*13 -> 1790.75 | DD85: 51+ | DE85: =0.05*DE82 -> 0.0015 | DF85: =10*$DO$5 -> 450 | DG85: =DF85/(DE85*MAX(DP$17*2.5,DP$18*2.5,DP$19*0.5,DP$20*3.125)) -> 6321.1125 | DH85: =600/(DE85*MAX(DP$17*2.5,DP$18*2.5,DP$19*0.5,DP$20*3.125)) -> 8428.15 | DK85: 第1页 | DL85: =SUM($DH$29*2.5,$DM$29*2.5,$DR$29*0.5,$DW$29*3.125) -> 5155 | DM85: =10000*($DI29*DN$76*2.5+$DN29*DN$77*2.5+$DS29*DN$78*0.5+$DX29*DN$79*3.125) -> 192391.3 | DN85: 570 | DQ85: 第1页 | DR85: =SUM($DH$29*2.5,$DM$29*2.5,$DR$29*0.5,$DW$29*3.125) -> 5155 | DS85: =10000*($DI29*DT$76*2.5+$DN29*DT$77*2.5+$DS29*DT$78*0.5+$DX29*DT$79*3.125) -> 192391.3 | DT85: 570 | FB85: 83 | FC85: 11280 | FD85: =SUM($FC$3:FC85) -> 427710
AD86: 85 | AE86: 300 | AF86: =AF85+AE86 -> 10500 | AG86: 副本掉落装备升华率 | AH86: 0.03 | AI86: =COUNTIF(AG$1:AG86,AG86)*AH86 -> 0.66 | AU86: 84 | AV86: 477970 | AW86: 84 | AX86: 477970 | AY86: 84 | AZ86: 477970 | BZ86: 245 | CA86: =CA85+260 -> 47840 | CB86: =CA86*2 -> 95680 | CC86: =CA86*$BT$5+CB86*$BS$2 -> 574.08 | CD86: =CC86/14*13 -> 533.07429 | CE86: =(CA86/$BS$14*5+CB86/$BS$13*5)/14*13 -> 101.58904 | CG86: 245 | CH86: =CH85+195 -> 35375 | CI86: 0 | CJ86: =CH86*$BT$6+CI86*$BS$2 -> 283 | CK86: =CJ86/5*13 -> 735.8 | CL86: =(CH86/$BS$15*5+CI86/$BS$13*5)/5*13 -> 153.29167 | CU86: 245 | CV86: 415000 | CW86: 0 | CX86: =CV86*$BT$8+CW86*$BS$2 -> 830 | CY86: =CX86/6*13 -> 1798.3333 | DK86: 第2页 | DL86: =SUM($DH$30*2.5,$DM$30*2.5,$DR$30*0.5,$DW$30*3.125) -> 10800 | DM86: =10000*($DI30*DN$76*2.5+$DN30*DN$77*2.5+$DS30*DN$78*0.5+$DX30*DN$79*3.125) -> 342028.99 | DN86: 2448 | DQ86: 第2页 | DR86: =SUM($DH$30*2.5,$DM$30*2.5,$DR$30*0.5,$DW$30*3.125) -> 10800 | DS86: =10000*($DI30*DT$76*2.5+$DN30*DT$77*2.5+$DS30*DT$78*0.5+$DX30*DT$79*3.125) -> 342028.99 | DT86: 2448 | FB86: 84 | FC86: 11490 | FD86: =SUM($FC$3:FC86) -> 439200
AD87: 86 | AE87: 300 | AF87: =AF86+AE87 -> 10800 | AG87: 宝石获取率 | AH87: 0.05 | AI87: =COUNTIF(AG$1:AG87,AG87)*AH87 -> 1.1 | AU87: 85 | AV87: 484690 | AW87: 85 | AX87: 484690 | AY87: 85 | AZ87: 484690 | BZ87: 246 | CA87: =CA86+260 -> 48100 | CB87: =CA87*2 -> 96200 | CC87: =CA87*$BT$5+CB87*$BS$2 -> 577.2 | CD87: =CC87/14*13 -> 535.97143 | CE87: =(CA87/$BS$14*5+CB87/$BS$13*5)/14*13 -> 102.14116 | CG87: 246 | CH87: =CH86+190 -> 35565 | CI87: 0 | CJ87: =CH87*$BT$6+CI87*$BS$2 -> 284.52 | CK87: =CJ87/5*13 -> 739.752 | CL87: =(CH87/$BS$15*5+CI87/$BS$13*5)/5*13 -> 154.115 | CU87: 246 | CV87: 416800 | CW87: 0 | CX87: =CV87*$BT$8+CW87*$BS$2 -> 833.6 | CY87: =CX87/6*13 -> 1806.1333 | DD87: 金色3%需肉 | DE87: 属性 | DF87: 价格 | DG87: 每1万战力所需晨星 | DH87: 最低价所需耀星 | DK87: 第3页 | DL87: =SUM($DH$31*2.5,$DM$31*2.5,$DR$31*0.5,$DW$31*3.125) -> 12870 | DM87: =10000*($DI31*DN$76*2.5+$DN31*DN$77*2.5+$DS31*DN$78*0.5+$DX31*DN$79*3.125) -> 342028.99 | DN87: 3536 | DQ87: 第3页 | DR87: =SUM($DH$31*2.5,$DM$31*2.5,$DR$31*0.5,$DW$31*3.125) -> 12870 | DS87: =10000*($DI31*DT$76*2.5+$DN31*DT$77*2.5+$DS31*DT$78*0.5+$DX31*DT$79*3.125) -> 342028.99 | DT87: 3536 | FB87: 85 | FC87: 11700 | FD87: =SUM($FC$3:FC87) -> 450900
AD88: 87 | AE88: 300 | AF88: =AF87+AE88 -> 11100 | AG88: 副本评价奖励翻倍概率 | AH88: 0.02 | AI88: =COUNTIF(AG$1:AG88,AG88)*AH88 -> 0.44 | AU88: 86 | AV88: 509874 | AW88: 86 | AX88: 509874 | AY88: 86 | AZ88: 509874 | BZ88: 247 | CA88: =CA87+260 -> 48360 | CB88: =CA88*2 -> 96720 | CC88: =CA88*$BT$5+CB88*$BS$2 -> 580.32 | CD88: =CC88/14*13 -> 538.86857 | CE88: =(CA88/$BS$14*5+CB88/$BS$13*5)/14*13 -> 102.69327 | CG88: 247 | CH88: =CH87+195 -> 35760 | CI88: 0 | CJ88: =CH88*$BT$6+CI88*$BS$2 -> 286.08 | CK88: =CJ88/5*13 -> 743.808 | CL88: =(CH88/$BS$15*5+CI88/$BS$13*5)/5*13 -> 154.96 | CU88: 247 | CV88: 418550 | CW88: 0 | CX88: =CV88*$BT$8+CW88*$BS$2 -> 837.1 | CY88: =CX88/6*13 -> 1813.7167 | DD88: 1-10 | DE88: 0.03 | DF88: =(10*$DO$5+1*$DO$8) -> 495 | DG88: =DF88/(DE88*MAX(DP$17*2.5,DP$18*2.5,DP$19*0.5,DP$20*3.125)) -> 347.66119 | DH88: =600/(DE88*MAX(DP$17*2.5,DP$18*2.5,DP$19*0.5,DP$20*3.125)) -> 421.4075 | DK88: 第4页 | DL88: =SUM($DH$32*2.5,$DM$32*2.5,$DR$32*0.5,$DW$32*3.125) -> 15060 | DM88: =10000*($DI32*DN$76*2.5+$DN32*DN$77*2.5+$DS32*DN$78*0.5+$DX32*DN$79*3.125) -> 342028.99 | DN88: 4080 | DQ88: 第4页 | DR88: =SUM($DH$32*2.5,$DM$32*2.5,$DR$32*0.5,$DW$32*3.125) -> 15060 | DS88: =10000*($DI32*DT$76*2.5+$DN32*DT$77*2.5+$DS32*DT$78*0.5+$DX32*DT$79*3.125) -> 342028.99 | DT88: 4080 | FB88: 86 | FC88: 11910 | FD88: =SUM($FC$3:FC88) -> 462810
AD89: 88 | AE89: 300 | AF89: =AF88+AE89 -> 11400 | AG89: 经验获取加成 | AH89: 0.02 | AI89: =COUNTIF(AG$1:AG89,AG89)*AH89 -> 0.44 | AU89: 87 | AV89: 513879 | AW89: 87 | AX89: 513879 | AY89: 87 | AZ89: 513879 | BZ89: 248 | CA89: =CA88+260 -> 48620 | CB89: =CA89*2 -> 97240 | CC89: =CA89*$BT$5+CB89*$BS$2 -> 583.44 | CD89: =CC89/14*13 -> 541.76571 | CE89: =(CA89/$BS$14*5+CB89/$BS$13*5)/14*13 -> 103.24539 | CG89: 248 | CH89: =CH88+190 -> 35950 | CI89: 0 | CJ89: =CH89*$BT$6+CI89*$BS$2 -> 287.6 | CK89: =CJ89/5*13 -> 747.76 | CL89: =(CH89/$BS$15*5+CI89/$BS$13*5)/5*13 -> 155.78333 | CU89: 248 | CV89: 420350 | CW89: 0 | CX89: =CV89*$BT$8+CW89*$BS$2 -> 840.7 | CY89: =CX89/6*13 -> 1821.5167 | DD89: 11-30 | DE89: =0.5*DE88 -> 0.015 | DF89: =(10*$DO$5+1*$DO$8) -> 495 | DG89: =DF89/(DE89*MAX(DP$17*2.5,DP$18*2.5,DP$19*0.5,DP$20*3.125)) -> 695.32238 | DH89: =600/(DE89*MAX(DP$17*2.5,DP$18*2.5,DP$19*0.5,DP$20*3.125)) -> 842.815 | DK89: 第5页 | DL89: =SUM($DH$33*2.5,$DM$33*2.5,$DR$33*0.5,$DW$33*3.125) -> 15060 | DM89: =10000*($DI33*DN$76*2.5+$DN33*DN$77*2.5+$DS33*DN$78*0.5+$DX33*DN$79*3.125) -> 342028.99 | DN89: 4692 | DQ89: 第5页 | DR89: =SUM($DH$33*2.5,$DM$33*2.5,$DR$33*0.5,$DW$33*3.125) -> 15060 | DS89: =10000*($DI33*DT$76*2.5+$DN33*DT$77*2.5+$DS33*DT$78*0.5+$DX33*DT$79*3.125) -> 342028.99 | DT89: 4692 | FB89: 87 | FC89: 12120 | FD89: =SUM($FC$3:FC89) -> 474930
AU90: 88 | AV90: 527583 | AW90: 88 | AX90: 527583 | AY90: 88 | AZ90: 527583 | BZ90: 249 | CA90: =CA89+260 -> 48880 | CB90: =CA90*2 -> 97760 | CC90: =CA90*$BT$5+CB90*$BS$2 -> 586.56 | CD90: =CC90/14*13 -> 544.66286 | CE90: =(CA90/$BS$14*5+CB90/$BS$13*5)/14*13 -> 103.7975 | CG90: 249 | CH90: =CH89+195 -> 36145 | CI90: 0 | CJ90: =CH90*$BT$6+CI90*$BS$2 -> 289.16 | CK90: =CJ90/5*13 -> 751.816 | CL90: =(CH90/$BS$15*5+CI90/$BS$13*5)/5*13 -> 156.62833 | CU90: 249 | CV90: 422100 | CW90: 0 | CX90: =CV90*$BT$8+CW90*$BS$2 -> 844.2 | CY90: =CX90/6*13 -> 1829.1 | DD90: 31-50 | DE90: =0.2*DE88 -> 0.006 | DF90: =(10*$DO$5+1*$DO$8) -> 495 | DG90: =DF90/(DE90*MAX(DP$17*2.5,DP$18*2.5,DP$19*0.5,DP$20*3.125)) -> 1738.3059 | DH90: =600/(DE90*MAX(DP$17*2.5,DP$18*2.5,DP$19*0.5,DP$20*3.125)) -> 2107.0375 | DK90: 第6页 | DL90: =SUM($DH$34*2.5,$DM$34*2.5,$DR$34*0.5,$DW$34*3.125) -> 17240 | DM90: =10000*($DI34*DN$76*2.5+$DN34*DN$77*2.5+$DS34*DN$78*0.5+$DX34*DN$79*3.125) -> 342028.99 | DN90: 5440 | DQ90: 第6页 | DR90: =SUM($DH$34*2.5,$DM$34*2.5,$DR$34*0.5,$DW$34*3.125) -> 17240 | DS90: =10000*($DI34*DT$76*2.5+$DN34*DT$77*2.5+$DS34*DT$78*0.5+$DX34*DT$79*3.125) -> 342028.99 | DT90: 5440 | FB90: 88 | FC90: 12360 | FD90: =SUM($FC$3:FC90) -> 487290
AU91: 89 | AV91: 532378 | AW91: 89 | AX91: 532378 | AY91: 89 | AZ91: 532378 | BZ91: 250 | CA91: =CA90+260 -> 49140 | CB91: =CA91*2 -> 98280 | CC91: =CA91*$BT$5+CB91*$BS$2 -> 589.68 | CD91: =CC91/14*13 -> 547.56 | CE91: =(CA91/$BS$14*5+CB91/$BS$13*5)/14*13 -> 104.34962 | CG91: 250 | CH91: =CH90+190 -> 36335 | CI91: 0 | CJ91: =CH91*$BT$6+CI91*$BS$2 -> 290.68 | CK91: =CJ91/5*13 -> 755.768 | CL91: =(CH91/$BS$15*5+CI91/$BS$13*5)/5*13 -> 157.45167 | CU91: 250 | CV91: 423900 | CW91: 0 | CX91: =CV91*$BT$8+CW91*$BS$2 -> 847.8 | CY91: =CX91/6*13 -> 1836.9 | DD91: 51+ | DE91: =0.05*DE88 -> 0.0015 | DF91: =(10*$DO$5+1*$DO$8) -> 495 | DG91: =DF91/(DE91*MAX(DP$17*2.5,DP$18*2.5,DP$19*0.5,DP$20*3.125)) -> 6953.2238 | DH91: =600/(DE91*MAX(DP$17*2.5,DP$18*2.5,DP$19*0.5,DP$20*3.125)) -> 8428.15 | DK91: 第7页 | DL91: =SUM($DH$35*2.5,$DM$35*2.5,$DR$35*0.5,$DW$35*3.125) -> 17235 | DM91: =10000*($DI35*DN$76*2.5+$DN35*DN$77*2.5+$DS35*DN$78*0.5+$DX35*DN$79*3.125) -> 342028.99 | DN91: 6256 | DQ91: 第7页 | DR91: =SUM($DH$35*2.5,$DM$35*2.5,$DR$35*0.5,$DW$35*3.125) -> 17235 | DS91: =10000*($DI35*DT$76*2.5+$DN35*DT$77*2.5+$DS35*DT$78*0.5+$DX35*DT$79*3.125) -> 342028.99 | DT91: 6256 | FB91: 89 | FC91: 12600 | FD91: =SUM($FC$3:FC91) -> 499890
AU92: 90 | AV92: 583801 | AW92: 90 | AX92: 583801 | AY92: 90 | AZ92: 583801 | BZ92: 251 | CA92: =CA91+260 -> 49400 | CB92: =CA92*2 -> 98800 | CC92: =CA92*$BT$5+CB92*$BS$2 -> 592.8 | CD92: =CC92/14*13 -> 550.45714 | CE92: =(CA92/$BS$14*5+CB92/$BS$13*5)/14*13 -> 104.90173 | CG92: 251 | CH92: =CH91+195 -> 36530 | CI92: 0 | CJ92: =CH92*$BT$6+CI92*$BS$2 -> 292.24 | CK92: =CJ92/5*13 -> 759.824 | CL92: =(CH92/$BS$15*5+CI92/$BS$13*5)/5*13 -> 158.29667 | CU92: 251 | CV92: 425650 | CW92: 0 | CX92: =CV92*$BT$8+CW92*$BS$2 -> 851.3 | CY92: =CX92/6*13 -> 1844.4833 | DK92: 第8页 | DL92: =SUM($DH$36*2.5,$DM$36*2.5,$DR$36*0.5,$DW$36*3.125) -> 17235 | DM92: =10000*($DI36*DN$76*2.5+$DN36*DN$77*2.5+$DS36*DN$78*0.5+$DX36*DN$79*3.125) -> 342028.99 | DN92: 6800 | DQ92: 第8页 | DR92: =SUM($DH$36*2.5,$DM$36*2.5,$DR$36*0.5,$DW$36*3.125) -> 17235 | DS92: =10000*($DI36*DT$76*2.5+$DN36*DT$77*2.5+$DS36*DT$78*0.5+$DX36*DT$79*3.125) -> 342028.99 | DT92: 6800 | FB92: 90 | FC92: 12840 | FD92: =SUM($FC$3:FC92) -> 512730
AU93: 91 | AV93: 612907 | AW93: 91 | AX93: 612907 | AY93: 91 | AZ93: 612907 | BZ93: 252 | CA93: =CA92+260 -> 49660 | CB93: =CA93*2 -> 99320 | CC93: =CA93*$BT$5+CB93*$BS$2 -> 595.92 | CD93: =CC93/14*13 -> 553.35429 | CE93: =(CA93/$BS$14*5+CB93/$BS$13*5)/14*13 -> 105.45384 | CG93: 252 | CH93: =CH92+190 -> 36720 | CI93: 0 | CJ93: =CH93*$BT$6+CI93*$BS$2 -> 293.76 | CK93: =CJ93/5*13 -> 763.776 | CL93: =(CH93/$BS$15*5+CI93/$BS$13*5)/5*13 -> 159.12 | CU93: 252 | CV93: 427450 | CW93: 0 | CX93: =CV93*$BT$8+CW93*$BS$2 -> 854.9 | CY93: =CX93/6*13 -> 1852.2833 | DD93: 金色7%无肉 | DE93: 属性 | DF93: 价格 | DG93: 每1万战力所需晨星 | DH93: 最低价所需耀星 | FB93: 91 | FC93: 13080 | FD93: =SUM($FC$3:FC93) -> 525810
AU94: 92 | AV94: 643189 | AW94: 92 | AX94: 643189 | AY94: 92 | AZ94: 643189 | BZ94: 253 | CA94: =CA93+260 -> 49920 | CB94: =CA94*2 -> 99840 | CC94: =CA94*$BT$5+CB94*$BS$2 -> 599.04 | CD94: =CC94/14*13 -> 556.25143 | CE94: =(CA94/$BS$14*5+CB94/$BS$13*5)/14*13 -> 106.00596 | CG94: 253 | CH94: =CH93+195 -> 36915 | CI94: 0 | CJ94: =CH94*$BT$6+CI94*$BS$2 -> 295.32 | CK94: =CJ94/5*13 -> 767.832 | CL94: =(CH94/$BS$15*5+CI94/$BS$13*5)/5*13 -> 159.965 | CU94: 253 | CV94: 429200 | CW94: 0 | CX94: =CV94*$BT$8+CW94*$BS$2 -> 858.4 | CY94: =CX94/6*13 -> 1859.8667 | DD94: 1-10 | DE94: 0.07 | DF94: =20*$DO$5 -> 900 | DG94: =DF94/(DE94*MAX(DP$17*2.5,DP$18*2.5,DP$19*0.5,DP$20*3.125)) -> 270.90482 | DH94: =1200/(DE94*MAX(DP$17*2.5,DP$18*2.5,DP$19*0.5,DP$20*3.125)) -> 361.20643 | DL94: 每1万战力所需晨星 | DR94: 每1万战力所需晨星 | FB94: 92 | FC94: 13320 | FD94: =SUM($FC$3:FC94) -> 539130
AU95: 93 | AV95: 644274 | AW95: 93 | AX95: 644274 | AY95: 93 | AZ95: 644274 | BZ95: 254 | CA95: =CA94+260 -> 50180 | CB95: =CA95*2 -> 100360 | CC95: =CA95*$BT$5+CB95*$BS$2 -> 602.16 | CD95: =CC95/14*13 -> 559.14857 | CE95: =(CA95/$BS$14*5+CB95/$BS$13*5)/14*13 -> 106.55807 | CG95: 254 | CH95: =CH94+190 -> 37105 | CI95: 0 | CJ95: =CH95*$BT$6+CI95*$BS$2 -> 296.84 | CK95: =CJ95/5*13 -> 771.784 | CL95: =(CH95/$BS$15*5+CI95/$BS$13*5)/5*13 -> 160.78833 | CU95: 254 | CV95: 431000 | CW95: 0 | CX95: =CV95*$BT$8+CW95*$BS$2 -> 862 | CY95: =CX95/6*13 -> 1867.6667 | DD95: 11-30 | DE95: =0.5*DE94 -> 0.035 | DF95: =20*$DO$5 -> 900 | DG95: =DF95/(DE95*MAX(DP$17*2.5,DP$18*2.5,DP$19*0.5,DP$20*3.125)) -> 541.80964 | DH95: =1200/(DE95*MAX(DP$17*2.5,DP$18*2.5,DP$19*0.5,DP$20*3.125)) -> 722.41286 | DK95: 第1页 | DL95: =DN85/16*$DO$2/((DL85+DM85)*DN$74*DL$75/10000) -> 190.07902 | DQ95: 第1页 | DR95: =DT85/16*$DO$2/((DR85+DS85)*DT$74*DR$75/10000) -> 190.07902 | FB95: 93 | FC95: 13560 | FD95: =SUM($FC$3:FC95) -> 552690
AU96: 94 | AV96: 670957 | AW96: 94 | AX96: 670957 | AY96: 94 | AZ96: 670957 | BZ96: 255 | CA96: =CA95+260 -> 50440 | CB96: =CA96*2 -> 100880 | CC96: =CA96*$BT$5+CB96*$BS$2 -> 605.28 | CD96: =CC96/14*13 -> 562.04571 | CE96: =(CA96/$BS$14*5+CB96/$BS$13*5)/14*13 -> 107.11019 | CG96: 255 | CH96: =CH95+195 -> 37300 | CI96: 0 | CJ96: =CH96*$BT$6+CI96*$BS$2 -> 298.4 | CK96: =CJ96/5*13 -> 775.84 | CL96: =(CH96/$BS$15*5+CI96/$BS$13*5)/5*13 -> 161.63333 | CU96: 255 | CV96: 432750 | CW96: 0 | CX96: =CV96*$BT$8+CW96*$BS$2 -> 865.5 | CY96: =CX96/6*13 -> 1875.25 | DD96: 31-50 | DE96: =0.2*DE94 -> 0.014 | DF96: =20*$DO$5 -> 900 | DG96: =DF96/(DE96*MAX(DP$17*2.5,DP$18*2.5,DP$19*0.5,DP$20*3.125)) -> 1354.5241 | DH96: =1200/(DE96*MAX(DP$17*2.5,DP$18*2.5,DP$19*0.5,DP$20*3.125)) -> 1806.0321 | DK96: 第2页 | DL96: =DN86/16*$DO$2/((DL86+DM86)*DN$74*DL$75/10000) -> 457.06228 | DQ96: 第2页 | DR96: =DT86/16*$DO$2/((DR86+DS86)*DT$74*DR$75/10000) -> 457.06228 | FB96: 94 | FC96: 13800 | FD96: =SUM($FC$3:FC96) -> 566490
AU97: 95 | AV97: 678226 | AW97: 95 | AX97: 678226 | AY97: 95 | AZ97: 678226 | BZ97: 256 | CA97: =CA96+260 -> 50700 | CB97: =CA97*2 -> 101400 | CC97: =CA97*$BT$5+CB97*$BS$2 -> 608.4 | CD97: =CC97/14*13 -> 564.94286 | CE97: =(CA97/$BS$14*5+CB97/$BS$13*5)/14*13 -> 107.6623 | CG97: 256 | CH97: =CH96+190 -> 37490 | CI97: 0 | CJ97: =CH97*$BT$6+CI97*$BS$2 -> 299.92 | CK97: =CJ97/5*13 -> 779.792 | CL97: =(CH97/$BS$15*5+CI97/$BS$13*5)/5*13 -> 162.45667 | CU97: 256 | CV97: 434550 | CW97: 0 | CX97: =CV97*$BT$8+CW97*$BS$2 -> 869.1 | CY97: =CX97/6*13 -> 1883.05 | DD97: 51+ | DE97: =0.05*DE94 -> 0.0035 | DF97: =20*$DO$5 -> 900 | DG97: =DF97/(DE97*MAX(DP$17*2.5,DP$18*2.5,DP$19*0.5,DP$20*3.125)) -> 5418.0964 | DH97: =1200/(DE97*MAX(DP$17*2.5,DP$18*2.5,DP$19*0.5,DP$20*3.125)) -> 7224.1286 | DK97: 第3页 | DL97: =DN87/16*$DO$2/((DL87+DM87)*DN$74*DL$75/10000) -> 656.35036 | DQ97: 第3页 | DR97: =DT87/16*$DO$2/((DR87+DS87)*DT$74*DR$75/10000) -> 656.35036 | FB97: 95 | FC97: 14040 | FD97: =SUM($FC$3:FC97) -> 580530
AU98: 96 | AV98: 706678 | AW98: 96 | AX98: 706678 | AY98: 96 | AZ98: 706678 | BZ98: 257 | CA98: =CA97+260 -> 50960 | CB98: =CA98*2 -> 101920 | CC98: =CA98*$BT$5+CB98*$BS$2 -> 611.52 | CD98: =CC98/14*13 -> 567.84 | CE98: =(CA98/$BS$14*5+CB98/$BS$13*5)/14*13 -> 108.21442 | CG98: 257 | CH98: =CH97+195 -> 37685 | CI98: 0 | CJ98: =CH98*$BT$6+CI98*$BS$2 -> 301.48 | CK98: =CJ98/5*13 -> 783.848 | CL98: =(CH98/$BS$15*5+CI98/$BS$13*5)/5*13 -> 163.30167 | CU98: 257 | CV98: 436300 | CW98: 0 | CX98: =CV98*$BT$8+CW98*$BS$2 -> 872.6 | CY98: =CX98/6*13 -> 1890.6333 | DK98: 第4页 | DL98: =DN88/16*$DO$2/((DL88+DM88)*DN$74*DL$75/10000) -> 752.68271 | DQ98: 第4页 | DR98: =DT88/16*$DO$2/((DR88+DS88)*DT$74*DR$75/10000) -> 752.68271 | FB98: 96 | FC98: 14280 | FD98: =SUM($FC$3:FC98) -> 594810
AU99: 97 | AV99: 712891 | AW99: 97 | AX99: 712891 | AY99: 97 | AZ99: 712891 | BZ99: 258 | CA99: =CA98+260 -> 51220 | CB99: =CA99*2 -> 102440 | CC99: =CA99*$BT$5+CB99*$BS$2 -> 614.64 | CD99: =CC99/14*13 -> 570.73714 | CE99: =(CA99/$BS$14*5+CB99/$BS$13*5)/14*13 -> 108.76653 | CG99: 258 | CH99: =CH98+190 -> 37875 | CI99: 0 | CJ99: =CH99*$BT$6+CI99*$BS$2 -> 303 | CK99: =CJ99/5*13 -> 787.8 | CL99: =(CH99/$BS$15*5+CI99/$BS$13*5)/5*13 -> 164.125 | CU99: 258 | CV99: 438100 | CW99: 0 | CX99: =CV99*$BT$8+CW99*$BS$2 -> 876.2 | CY99: =CX99/6*13 -> 1898.4333 | DD99: 金色3%需肉 | DE99: 属性 | DF99: 价格 | DG99: 每1万战力所需晨星 | DH99: 最低价所需耀星 | DK99: 第5页 | DL99: =DN89/16*$DO$2/((DL89+DM89)*DN$74*DL$75/10000) -> 865.58511 | DQ99: 第5页 | DR99: =DT89/16*$DO$2/((DR89+DS89)*DT$74*DR$75/10000) -> 865.58511 | FB99: 97 | FC99: 14550 | FD99: =SUM($FC$3:FC99) -> 609360
AU100: 98 | AV100: 749807 | AW100: 98 | AX100: 749807 | AY100: 98 | AZ100: 749807 | BZ100: 259 | CA100: =CA99+260 -> 51480 | CB100: =CA100*2 -> 102960 | CC100: =CA100*$BT$5+CB100*$BS$2 -> 617.76 | CD100: =CC100/14*13 -> 573.63429 | CE100: =(CA100/$BS$14*5+CB100/$BS$13*5)/14*13 -> 109.31865 | CG100: 259 | CH100: =CH99+195 -> 38070 | CI100: 0 | CJ100: =CH100*$BT$6+CI100*$BS$2 -> 304.56 | CK100: =CJ100/5*13 -> 791.856 | CL100: =(CH100/$BS$15*5+CI100/$BS$13*5)/5*13 -> 164.97 | CU100: 259 | CV100: 439850 | CW100: 0 | CX100: =CV100*$BT$8+CW100*$BS$2 -> 879.7 | CY100: =CX100/6*13 -> 1906.0167 | DD100: 1-10 | DE100: 0.07 | DF100: =(20*$DO$5+2*$DO$8) -> 990 | DG100: =DF100/(DE100*MAX(DP$17*2.5,DP$18*2.5,DP$19*0.5,DP$20*3.125)) -> 297.9953 | DH100: =1200/(DE100*MAX(DP$17*2.5,DP$18*2.5,DP$19*0.5,DP$20*3.125)) -> 361.20643 | DK100: 第6页 | DL100: =DN90/16*$DO$2/((DL90+DM90)*DN$74*DL$75/10000) -> 997.48736 | DQ100: 第6页 | DR100: =DT90/16*$DO$2/((DR90+DS90)*DT$74*DR$75/10000) -> 997.48736 | FB100: 98 | FC100: 14820 | FD100: =SUM($FC$3:FC100) -> 624180
...

Sheet 副本相关
C1: 开服日期 | D1: 45930 | E1: 合服调整 | F1: 泽国 | G1: 0 | H1: 龙国 | I1: -1 | J1: 羽国 | K1: -1 | L1: 哈帕迪 | M1: -14
C2: 副本开放时间 | G2: D | K2: C | O2: B | S2: A | W2: S
E3: 难度 | F3: 开放条件 | G3: 碎片掉落 | H3: 金装 | I3: 红装 | J3: 超稀有 | K3: 碎片掉落 | L3: 金装 | M3: 红装 | N3: 超稀有 | O3: 碎片掉落 | P3: 金装 | Q3: 红装 | R3: 超稀有 | S3: 碎片掉落 | T3: 金装 | U3: 红装 | V3: 超稀有 | W3: 碎片掉落 | X3: 金装 | Y3: 红装 | Z3: 超稀有
A4: 森国 | B4: 世界之树 | C4: 第1天 | D4: =D1 -> 45930 | E4: 普通 | F4: 无
E5: 困难 | F5: 3.6万
A6: 山国 | B6: 机神山 | C6: 第4天 | D6: =D1+3 -> 45933 | E6: 普通 | F6: 无 | G6: 4 | H6: 0.034 | K6: 5 | L6: 0.038 | O6: 6 | P6: 0.042 | S6: 7 | T6: 0.046 | W6: 8 | X6: 0.05
E7: 困难 | F7: 18万 | G7: 7 | H7: 0.035 | K7: 8 | L7: 0.045 | O7: 9 | P7: 0.055 | S7: 11 | T7: 0.065 | W7: 12 | X7: 0.075
A8: 泽国 | B8: 海之宫遗迹 | C8: 第12天 | D8: =D1+11 -> 45941 | E8: 普通 | F8: 无 | G8: 6 | H8: 0.011 | K8: 6 | L8: 0.013 | O8: 7 | P8: 0.015 | S8: 7 | T8: 0.017 | W8: 8 | X8: 0.02
E9: 困难 | F9: 58万 | G9: 8 | H9: 0.017 | K9: 8 | L9: 0.02 | O9: 9 | P9: 0.023 | S9: 9 | T9: 0.026 | W9: 10 | X9: 0.028
B10: 源水大社 | C10: 第24天 | D10: =D8+12 -> 45953 | E10: 普通 | F10: 93万 | G10: 6 | H10: 0.011 | K10: 6 | L10: 0.013 | O10: 7 | P10: 0.015 | S10: 7 | T10: 0.017 | W10: 8 | X10: 0.02
E11: 困难 | F11: 145万 | G11: 8 | H11: 0.017 | I11: 0.003 | K11: 8 | L11: 0.02 | M11: 0.005 | O11: 9 | P11: 0.023 | Q11: 0.007 | S11: 9 | T11: 0.026 | U11: 0.009 | W11: 10 | X11: 0.028 | Y11: 0.011
E12: 噩梦 | F12: 205万 | G12: 6 | I12: 0.011 | K12: 6 | M12: 0.013 | O12: 7 | Q12: 0.015 | S12: 7 | U12: 0.017 | W12: 8 | Y12: 0.02
B13: 黄泉阁 | C13: 第33天 | D13: =D10+9 -> 45962 | E13: 普通 | F13: 225万 | G13: 6 | H13: 0.011 | K13: 6 | L13: 0.013 | O13: 7 | P13: 0.015 | S13: 7 | T13: 0.017 | W13: 8 | X13: 0.02
E14: 困难 | F14: 275万 | G14: 8 | H14: 0.017 | I14: 0.003 | K14: 8 | L14: 0.02 | M14: 0.005 | O14: 9 | P14: 0.023 | Q14: 0.007 | S14: 9 | T14: 0.026 | U14: 0.009 | W14: 10 | X14: 0.028 | Y14: 0.011
E15: 噩梦 | F15: 390万 | G15: 6 | I15: 0.011 | K15: 6 | M15: 0.013 | O15: 7 | Q15: 0.015 | S15: 7 | U15: 0.017 | W15: 8 | Y15: 0.02
E16: 炼狱 | F16: 620万 | G16: 8 | I16: 0.017 | K16: 8 | M16: 0.02 | O16: 9 | Q16: 0.02 | R16: 0.003 | S16: 9 | U16: 0.02 | V16: 0.006 | W16: 10 | Y16: 0.02 | Z16: 0.01
A17: 龙国 | B17: 封魔峡 | C17: 第47天 | D17: =D13+14+I1 -> 45975 | E17: 普通 | F17: 无 | G17: 6 | H17: 0.011 | K17: 6 | L17: 0.013 | O17: 7 | P17: 0.015 | S17: 7 | T17: 0.017 | W17: 8 | X17: 0.02
E18: 困难 | F18: 235万 | G18: 8 | H18: 0.017 | K18: 8 | L18: 0.02 | O18: 9 | P18: 0.023 | S18: 9 | T18: 0.026 | W18: 10 | X18: 0.028
B19: 将军岭 | C19: 第60天 | D19: =D17+13 -> 45988 | E19: 普通 | F19: 355万 | G19: 6 | H19: 0.011 | K19: 6 | L19: 0.013 | O19: 7 | P19: 0.015 | S19: 7 | T19: 0.017 | W19: 8 | X19: 0.02
E20: 困难 | F20: 500万 | G20: 8 | H20: 0.017 | I20: 0.003 | K20: 8 | L20: 0.02 | M20: 0.005 | O20: 9 | P20: 0.023 | Q20: 0.007 | S20: 9 | T20: 0.026 | U20: 0.009 | W20: 10 | X20: 0.028 | Y20: 0.011
E21: 噩梦 | F21: 600万 | G21: 6 | I21: 0.011 | K21: 6 | M21: 0.013 | O21: 7 | Q21: 0.015 | S21: 7 | U21: 0.017 | W21: 8 | Y21: 0.02
B22: 青云观 | C22: 第73天 | D22: =D19+13 -> 46001 | E22: 普通 | F22: 620万 | G22: 6 | H22: 0.011 | K22: 6 | L22: 0.013 | O22: 7 | P22: 0.015 | S22: 7 | T22: 0.017 | W22: 8 | X22: 0.02
E23: 困难 | F23: 770万 | G23: 8 | H23: 0.017 | I23: 0.003 | K23: 8 | L23: 0.02 | M23: 0.005 | O23: 9 | P23: 0.023 | Q23: 0.007 | S23: 9 | T23: 0.026 | U23: 0.009 | W23: 10 | X23: 0.028 | Y23: 0.011
E24: 噩梦 | F24: 980万 | G24: 6 | I24: 0.011 | K24: 6 | M24: 0.013 | O24: 7 | Q24: 0.015 | S24: 7 | U24: 0.017 | W24: 8 | Y24: 0.02
B25: 古剑城 | C25: 第86天 | D25: =D22+13 -> 46014 | E25: 普通 | F25: 1000万 | G25: 6 | H25: 0.011 | K25: 6 | L25: 0.013 | O25: 7 | P25: 0.015 | S25: 7 | T25: 0.017 | W25: 8 | X25: 0.02
E26: 困难 | F26: 1250万 | G26: 8 | H26: 0.017 | I26: 0.003 | K26: 8 | L26: 0.02 | M26: 0.005 | O26: 9 | P26: 0.023 | Q26: 0.007 | S26: 9 | T26: 0.026 | U26: 0.009 | W26: 10 | X26: 0.028 | Y26: 0.011
E27: 噩梦 | F27: 1580万 | G27: 6 | I27: 0.011 | K27: 6 | M27: 0.013 | O27: 7 | Q27: 0.015 | S27: 7 | U27: 0.017 | W27: 8 | Y27: 0.02
B28: 仙海云舟 | C28: 第99天 | D28: =D25+13 -> 46027 | E28: 普通 | F28: 1650万 | G28: 6 | H28: 0.011 | K28: 6 | L28: 0.013 | O28: 7 | P28: 0.015 | S28: 7 | T28: 0.017 | W28: 8 | X28: 0.02
E29: 困难 | F29: 2000万 | G29: 8 | H29: 0.017 | I29: 0.003 | K29: 8 | L29: 0.02 | M29: 0.005 | O29: 9 | P29: 0.023 | Q29: 0.007 | S29: 9 | T29: 0.026 | U29: 0.009 | W29: 10 | X29: 0.028 | Y29: 0.011
E30: 噩梦 | F30: 2450万 | G30: 6 | I30: 0.011 | K30: 6 | M30: 0.013 | O30: 7 | Q30: 0.015 | S30: 7 | U30: 0.017 | W30: 8 | Y30: 0.02
E31: 炼狱 | F31: 4000万 | G31: 8 | I31: 0.017 | K31: 8 | M31: 0.02 | O31: 9 | Q31: 0.02 | R31: 0.003 | S31: 9 | U31: 0.02 | V31: 0.006 | W31: 10 | Y31: 0.02 | Z31: 0.01
A32: 羽国 | B32: 结晶螺旋树 | C32: 第114天 | D32: =D28+15+K1 -> 46041 | E32: 普通 | F32: 无 | G32: 6 | H32: 0.011 | K32: 6 | L32: 0.013 | O32: 7 | P32: 0.015 | S32: 7 | T32: 0.017 | W32: 8 | X32: 0.02
E33: 困难 | F33: 900万 | G33: 8 | H33: 0.017 | K33: 8 | L33: 0.02 | O33: 9 | P33: 0.023 | S33: 9 | T33: 0.026 | W33: 10 | X33: 0.028
B34: 永恒花庭 | C34: 第127天 | D34: =D32+13 -> 46054 | E34: 普通 | F34: 1250万 | G34: 6 | H34: 0.011 | K34: 6 | L34: 0.013 | O34: 7 | P34: 0.015 | S34: 7 | T34: 0.017 | W34: 8 | X34: 0.02
E35: 困难 | F35: 1500万 | G35: 8 | H35: 0.017 | I35: 0.003 | K35: 8 | L35: 0.02 | M35: 0.005 | O35: 9 | P35: 0.023 | Q35: 0.007 | S35: 9 | T35: 0.026 | U35: 0.009 | W35: 10 | X35: 0.028 | Y35: 0.011
E36: 噩梦 | F36: 1800万 | G36: 6 | I36: 0.011 | K36: 6 | M36: 0.013 | O36: 7 | Q36: 0.015 | S36: 7 | U36: 0.017 | W36: 8 | Y36: 0.02
E37: 炼狱 | F37: 2850万 | G37: 8 | I37: 0.017 | K37: 8 | M37: 0.02 | O37: 9 | Q37: 0.023 | S37: 9 | U37: 0.026 | W37: 10 | Y37: 0.028
B38: 战渊堡垒 | C38: 第141天 | D38: =D34+14 -> 46068 | E38: 普通 | F38: 2000万 | G38: 6 | H38: 0.011 | K38: 6 | L38: 0.013 | O38: 7 | P38: 0.015 | S38: 7 | T38: 0.017 | W38: 8 | X38: 0.02
E39: 困难 | F39: 2600万 | G39: 8 | H39: 0.017 | I39: 0.003 | K39: 8 | L39: 0.02 | M39: 0.005 | O39: 9 | P39: 0.023 | Q39: 0.007 | S39: 9 | T39: 0.026 | U39: 0.009 | W39: 10 | X39: 0.028 | Y39: 0.011
E40: 噩梦 | F40: 3000万 | G40: 6 | I40: 0.011 | K40: 6 | M40: 0.013 | O40: 7 | Q40: 0.015 | S40: 7 | U40: 0.017 | W40: 8 | Y40: 0.02
E41: 炼狱 | F41: 4600万 | G41: 8 | I41: 0.017 | K41: 8 | M41: 0.02 | O41: 9 | Q41: 0.023 | S41: 9 | U41: 0.026 | W41: 10 | Y41: 0.028
B42: 净化之庭 | C42: 第155天 | D42: =D38+14 -> 46082 | E42: 普通 | F42: 3250万 | G42: 6 | H42: 0.011 | K42: 6 | L42: 0.013 | O42: 7 | P42: 0.015 | S42: 7 | T42: 0.017 | W42: 8 | X42: 0.02
E43: 困难 | F43: 4300万 | G43: 8 | H43: 0.017 | I43: 0.003 | K43: 8 | L43: 0.02 | M43: 0.005 | O43: 9 | P43: 0.023 | Q43: 0.007 | S43: 9 | T43: 0.026 | U43: 0.009 | W43: 10 | X43: 0.028 | Y43: 0.011
E44: 噩梦 | F44: 5050万 | G44: 6 | I44: 0.011 | K44: 6 | M44: 0.013 | O44: 7 | Q44: 0.015 | S44: 7 | U44: 0.017 | W44: 8 | Y44: 0.02
E45: 炼狱 | F45: 7500万 | G45: 8 | I45: 0.017 | K45: 8 | M45: 0.02 | O45: 9 | Q45: 0.023 | S45: 9 | U45: 0.026 | W45: 10 | Y45: 0.028
B46: 秩序神殿 | C46: 第169天 | D46: =D42+14 -> 46096 | E46: 普通 | F46: 5500万 | G46: 6 | H46: 0.011 | K46: 6 | L46: 0.013 | O46: 7 | P46: 0.015 | S46: 7 | T46: 0.017 | W46: 8 | X46: 0.02
E47: 困难 | F47: 6500万 | G47: 8 | H47: 0.017 | I47: 0.003 | K47: 8 | L47: 0.02 | M47: 0.005 | O47: 9 | P47: 0.023 | Q47: 0.007 | S47: 9 | T47: 0.026 | U47: 0.009 | W47: 10 | X47: 0.028 | Y47: 0.011
E48: 噩梦 | F48: 8200万 | G48: 6 | I48: 0.011 | K48: 6 | M48: 0.013 | O48: 7 | Q48: 0.015 | S48: 7 | U48: 0.017 | W48: 8 | Y48: 0.02
E49: 炼狱 | F49: 1.15亿 | G49: 8 | I49: 0.017 | K49: 8 | M49: 0.02 | O49: 9 | Q49: 0.023 | S49: 9 | U49: 0.026 | W49: 10 | Y49: 0.028
B50: 烈阳尖塔 | C50: 第183天 | D50: =D46+14 -> 46110 | E50: 普通 | F50: 8450万 | G50: 6 | H50: 0.011 | K50: 6 | L50: 0.013 | O50: 7 | P50: 0.015 | S50: 7 | T50: 0.017 | W50: 8 | X50: 0.02
E51: 困难 | F51: 1亿 | G51: 8 | H51: 0.017 | I51: 0.003 | K51: 8 | L51: 0.02 | M51: 0.005 | O51: 9 | P51: 0.023 | Q51: 0.007 | S51: 9 | T51: 0.026 | U51: 0.009 | W51: 10 | X51: 0.028 | Y51: 0.011
E52: 噩梦 | F52: 1.2亿 | G52: 6 | I52: 0.011 | K52: 6 | M52: 0.013 | O52: 7 | Q52: 0.015 | S52: 7 | U52: 0.017 | W52: 8 | Y52: 0.02
E53: 炼狱 | F53: 1.8亿 | G53: 8 | I53: 0.017 | K53: 8 | M53: 0.02 | O53: 9 | Q53: 0.023 | S53: 9 | U53: 0.026 | W53: 10 | Y53: 0.028
B54: 君临之巢 | C54: 第197天 | D54: =D50+14 -> 46124 | E54: 普通 | F54: 1.25亿 | G54: 6 | H54: 0.011 | K54: 6 | L54: 0.013 | O54: 7 | P54: 0.015 | S54: 7 | T54: 0.017 | W54: 8 | X54: 0.02
E55: 困难 | F55: 1.45亿 | G55: 8 | H55: 0.017 | I55: 0.003 | K55: 8 | L55: 0.02 | M55: 0.005 | O55: 9 | P55: 0.023 | Q55: 0.007 | S55: 9 | T55: 0.026 | U55: 0.009 | W55: 10 | X55: 0.028 | Y55: 0.011
E56: 噩梦 | F56: 1.8亿 | G56: 6 | I56: 0.011 | K56: 6 | M56: 0.013 | O56: 7 | Q56: 0.015 | S56: 7 | U56: 0.017 | W56: 8 | Y56: 0.02
E57: 炼狱 | F57: 2.5亿 | G57: 8 | I57: 0.017 | K57: 8 | M57: 0.02 | O57: 9 | Q57: 0.02 | R57: 0.003 | S57: 9 | U57: 0.02 | V57: 0.006 | W57: 10 | Y57: 0.02 | Z57: 0.01
C58: 第204天 | D58: =D54+7 -> 46131 | E58: 深渊 | F58: 3.5亿 | G58: 9 | I58: 0.02 | J58: 0.006 | K58: 10 | M58: 0.02 | N58: 0.01 | O58: 3 | Q58: 0.02 | R58: 0.012 | S58: 3 | U58: 0.02 | V58: 0.014 | W58: 3 | Y58: 0.02 | Z58: 0.016
B59: 奇巧钟楼 | C59: 第229天 | D59: =D54+32+M1 -> 46142 | E59: 普通 | F59: 无 | G59: 6 | H59: 0.011 | K59: 6 | L59: 0.013 | O59: 7 | P59: 0.015 | S59: 7 | T59: 0.017 | W59: 8 | X59: 0.02
E60: 困难 | F60: 2700万 | G60: 8 | H60: 0.017 | K60: 8 | L60: 0.02 | O60: 9 | P60: 0.023 | S60: 9 | T60: 0.026 | W60: 10 | X60: 0.028
B61: 乐园海盗船 | C61: 第242天 | D61: =D59+13 -> 46155 | E61: 普通 | F61: 3500万 | G61: 6 | H61: 0.011 | K61: 6 | L61: 0.013 | O61: 7 | P61: 0.015 | S61: 7 | T61: 0.017 | W61: 8 | X61: 0.02
E62: 困难 | F62: 4800万 | G62: 8 | H62: 0.017 | I62: 0.003 | K62: 8 | L62: 0.02 | M62: 0.005 | O62: 9 | P62: 0.023 | Q62: 0.007 | S62: 9 | T62: 0.026 | U62: 0.009 | W62: 10 | X62: 0.028 | Y62: 0.011
E63: 噩梦 | F63: 5700万 | G63: 6 | I63: 0.011 | K63: 6 | M63: 0.013 | O63: 7 | Q63: 0.015 | S63: 7 | U63: 0.017 | W63: 8 | Y63: 0.02
E64: 炼狱 | F64: 8400万 | G64: 8 | I64: 0.017 | K64: 8 | M64: 0.02 | O64: 9 | Q64: 0.023 | S64: 9 | U64: 0.026 | W64: 10 | Y64: 0.028
B65: 海皇潜艇 | C65: 第256天 | D65: =D61+14 -> 46169 | E65: 普通 | F65: 6200万 | G65: 6 | H65: 0.011 | K65: 6 | L65: 0.013 | O65: 7 | P65: 0.015 | S65: 7 | T65: 0.017 | W65: 8 | X65: 0.02
E66: 困难 | F66: 7200万 | G66: 8 | H66: 0.017 | I66: 0.003 | K66: 8 | L66: 0.02 | M66: 0.005 | O66: 9 | P66: 0.023 | Q66: 0.007 | S66: 9 | T66: 0.026 | U66: 0.009 | W66: 10 | X66: 0.028 | Y66: 0.011
E67: 噩梦 | F67: 8500万 | G67: 6 | I67: 0.011 | K67: 6 | M67: 0.013 | O67: 7 | Q67: 0.015 | S67: 7 | U67: 0.017 | W67: 8 | Y67: 0.02
E68: 炼狱 | F68: 1.3亿 | G68: 8 | I68: 0.017 | K68: 8 | M68: 0.02 | O68: 9 | Q68: 0.023 | S68: 9 | U68: 0.026 | W68: 10 | Y68: 0.028
B69: 发条要塞 | C69: 第270天 | D69: =D65+14 -> 46183 | E69: 普通 | F69: 9100万 | G69: 6 | H69: 0.011 | K69: 6 | L69: 0.013 | O69: 7 | P69: 0.015 | S69: 7 | T69: 0.017 | W69: 8 | X69: 0.02
E70: 困难 | F70: 1.1亿 | G70: 8 | H70: 0.017 | I70: 0.003 | K70: 8 | L70: 0.02 | M70: 0.005 | O70: 9 | P70: 0.023 | Q70: 0.007 | S70: 9 | T70: 0.026 | U70: 0.009 | W70: 10 | X70: 0.028 | Y70: 0.011
E71: 噩梦 | F71: 1.3亿 | G71: 6 | I71: 0.011 | K71: 6 | M71: 0.013 | O71: 7 | Q71: 0.015 | S71: 7 | U71: 0.017 | W71: 8 | Y71: 0.02
E72: 炼狱 | F72: 1.9亿 | G72: 8 | I72: 0.017 | K72: 8 | M72: 0.02 | O72: 9 | Q72: 0.023 | S72: 9 | U72: 0.026 | W72: 10 | Y72: 0.028
B73: 天气观测站 | C73: 第284天 | D73: =D69+14 -> 46197 | E73: 普通 | F73: 1.4亿 | G73: 6 | H73: 0.011 | K73: 6 | L73: 0.013 | O73: 7 | P73: 0.015 | S73: 7 | T73: 0.017 | W73: 8 | X73: 0.02
E74: 困难 | F74: 1.65亿 | G74: 8 | H74: 0.017 | I74: 0.003 | K74: 8 | L74: 0.02 | M74: 0.005 | O74: 9 | P74: 0.023 | Q74: 0.007 | S74: 9 | T74: 0.026 | U74: 0.009 | W74: 10 | X74: 0.028 | Y74: 0.011
E75: 噩梦 | F75: 1.95亿 | G75: 6 | I75: 0.011 | K75: 6 | M75: 0.013 | O75: 7 | Q75: 0.015 | S75: 7 | U75: 0.017 | W75: 8 | Y75: 0.02
E76: 炼狱 | F76: 2.9亿 | G76: 8 | I76: 0.017 | K76: 8 | M76: 0.02 | O76: 9 | Q76: 0.023 | S76: 9 | U76: 0.026 | W76: 10 | Y76: 0.028
B77: 泰坦热气球 | C77: 第298天 | D77: =D73+14 -> 46211 | E77: 普通 | F77: 2.1亿 | G77: 6 | H77: 0.011 | K77: 6 | L77: 0.013 | O77: 7 | P77: 0.015 | S77: 7 | T77: 0.017 | W77: 8 | X77: 0.02
E78: 困难 | F78: 2.5亿 | G78: 8 | H78: 0.017 | I78: 0.003 | K78: 8 | L78: 0.02 | M78: 0.005 | O78: 9 | P78: 0.023 | Q78: 0.007 | S78: 9 | T78: 0.026 | U78: 0.009 | W78: 10 | X78: 0.028 | Y78: 0.011
E79: 噩梦 | F79: 2.9亿 | G79: 6 | I79: 0.011 | K79: 6 | M79: 0.013 | O79: 7 | Q79: 0.015 | S79: 7 | U79: 0.017 | W79: 8 | Y79: 0.02
E80: 炼狱 | F80: 4.4亿 | G80: 8 | I80: 0.017 | K80: 8 | M80: 0.02 | O80: 9 | Q80: 0.023 | S80: 9 | U80: 0.026 | W80: 10 | Y80: 0.028
B81: 星空之城 | C81: 第312天 | D81: =D77+14 -> 46225 | E81: 普通 | F81: 3.1亿 | G81: 6 | H81: 0.011 | K81: 6 | L81: 0.013 | O81: 7 | P81: 0.015 | S81: 7 | T81: 0.017 | W81: 8 | X81: 0.02
E82: 困难 | F82: 3.65亿 | G82: 8 | H82: 0.017 | I82: 0.003 | K82: 8 | L82: 0.02 | M82: 0.005 | O82: 9 | P82: 0.023 | Q82: 0.007 | S82: 9 | T82: 0.026 | U82: 0.009 | W82: 10 | X82: 0.028 | Y82: 0.011
E83: 噩梦 | F83: 4.5亿 | G83: 6 | I83: 0.011 | K83: 6 | M83: 0.013 | O83: 7 | Q83: 0.015 | S83: 7 | U83: 0.017 | W83: 8 | Y83: 0.02
E84: 炼狱 | F84: 7.4亿 | G84: 8 | I84: 0.017 | K84: 8 | M84: 0.02 | O84: 9 | Q84: 0.02 | R84: 0.003 | S84: 9 | U84: 0.02 | V84: 0.006 | W84: 10 | Y84: 0.02 | Z84: 0.01
C85: 第319天 | D85: =D81+7 -> 46232 | E85: 深渊 | F85: ？ | G85: 9 | I85: 0.02 | J85: 0.006 | K85: 10 | M85: 0.02 | N85: 0.01 | O85: 3 | Q85: 0.02 | R85: 0.012 | S85: 3 | U85: 0.02 | V85: 0.014 | W85: 3 | Y85: 0.02 | Z85: 0.016

Sheet 泽国星象合约计算器
A1: 泽国养成 | H1: 原初之星档位 | I1: 副本掉落装备升华率 | J1: 宝石获取率 | K1: 副本评价奖励翻倍概率 | L1: 经验获取加成
A2: 角色等级 每级100分 | B2: 123.04 | C2: 注：等级精确到经验百分比 | H2: 200 | I2: =数据计算表!AM2 -> 0.09 | J2: =数据计算表!AN2 -> 0.15 | K2: =数据计算表!AO2 -> 0.06 | L2: =数据计算表!AP2 -> 0.06
A4: 装备强化等级 每级38分 | B4: 124 | C4: 124 | I4: 原初之星 | J4: 效果 | K4: 百分比 | L4: 累计效果
C5: 124 | I5: =数据计算表!AF2 -> 10 | J5: =数据计算表!AG2 -> 副本掉落装备升华率 | K5: =数据计算表!AH2 -> 0.03 | L5: =J5&COUNTIF(J$4:J5,J5)*K5*100&"%" -> 副本掉落装备升华率3%
B6: 124 | C6: 124 | I6: =数据计算表!AF3 -> 20 | J6: =数据计算表!AG3 -> 宝石获取率 | K6: =数据计算表!AH3 -> 0.05 | L6: =J6&COUNTIF(J$4:J6,J6)*K6*100&"%" -> 宝石获取率5%
I7: =数据计算表!AF4 -> 30 | J7: =数据计算表!AG4 -> 副本评价奖励翻倍概率 | K7: =数据计算表!AH4 -> 0.02 | L7: =J7&COUNTIF(J$4:J7,J7)*K7*100&"%" -> 副本评价奖励翻倍概率2%
A8: 技能强化等级 每级13分 | B8: 118 | C8: 118 | I8: =数据计算表!AF5 -> 40 | J8: =数据计算表!AG5 -> 经验获取加成 | K8: =数据计算表!AH5 -> 0.02 | L8: =J8&COUNTIF(J$4:J8,J8)*K8*100&"%" -> 经验获取加成2%
B9: 118 | C9: 118 | I9: =数据计算表!AF6 -> 56 | J9: =数据计算表!AG6 -> 副本掉落装备升华率 | K9: =数据计算表!AH6 -> 0.03 | L9: =J9&COUNTIF(J$4:J9,J9)*K9*100&"%" -> 副本掉落装备升华率6%
B10: 118 | C10: 118 | I10: =数据计算表!AF7 -> 72 | J10: =数据计算表!AG7 -> 宝石获取率 | K10: =数据计算表!AH7 -> 0.05 | L10: =J10&COUNTIF(J$4:J10,J10)*K10*100&"%" -> 宝石获取率10%
B11: 118 | C11: 118 | I11: =数据计算表!AF8 -> 88 | J11: =数据计算表!AG8 -> 副本评价奖励翻倍概率 | K11: =数据计算表!AH8 -> 0.02 | L11: =J11&COUNTIF(J$4:J11,J11)*K11*100&"%" -> 副本评价奖励翻倍概率4%
I12: =数据计算表!AF9 -> 104 | J12: =数据计算表!AG9 -> 经验获取加成 | K12: =数据计算表!AH9 -> 0.02 | L12: =J12&COUNTIF(J$4:J12,J12)*K12*100&"%" -> 经验获取加成4%
A13: 古遗物强化等级 每级57分 | B13: 13 | C13: 13 | D13: 13 | E13: 12 | I13: =数据计算表!AF10 -> 128 | J13: =数据计算表!AG10 -> 副本掉落装备升华率 | K13: =数据计算表!AH10 -> 0.03 | L13: =J13&COUNTIF(J$4:J13,J13)*K13*100&"%" -> 副本掉落装备升华率9%
B14: 12 | C14: 12 | D14: 12 | E14: 12 | I14: =数据计算表!AF11 -> 152 | J14: =数据计算表!AG11 -> 宝石获取率 | K14: =数据计算表!AH11 -> 0.05 | L14: =J14&COUNTIF(J$4:J14,J14)*K14*100&"%" -> 宝石获取率15%
B15: 12 | C15: 12 | D15: 12 | E15: 12 | I15: =数据计算表!AF12 -> 176 | J15: =数据计算表!AG12 -> 副本评价奖励翻倍概率 | K15: =数据计算表!AH12 -> 0.02 | L15: =J15&COUNTIF(J$4:J15,J15)*K15*100&"%" -> 副本评价奖励翻倍概率6%
B16: 12 | C16: 12 | D16: 12 | E16: 12 | I16: =数据计算表!AF13 -> 200 | J16: =数据计算表!AG13 -> 经验获取加成 | K16: =数据计算表!AH13 -> 0.02 | L16: =J16&COUNTIF(J$4:J16,J16)*K16*100&"%" -> 经验获取加成6%
B17: 12 | C17: 12 | D17: 12 | E17: 12 | I17: =数据计算表!AF14 -> 230 | J17: =数据计算表!AG14 -> 副本掉落装备升华率 | K17: =数据计算表!AH14 -> 0.03 | L17: =J17&COUNTIF(J$4:J17,J17)*K17*100&"%" -> 副本掉落装备升华率12%
I18: =数据计算表!AF15 -> 260 | J18: =数据计算表!AG15 -> 宝石获取率 | K18: =数据计算表!AH15 -> 0.05 | L18: =J18&COUNTIF(J$4:J18,J18)*K18*100&"%" -> 宝石获取率20%
A19: 幻兽等级 每级14分 | B19: 111 | C19: 111 | D19: 111 | E19: 111 | I19: =数据计算表!AF16 -> 290 | J19: =数据计算表!AG16 -> 副本评价奖励翻倍概率 | K19: =数据计算表!AH16 -> 0.02 | L19: =J19&COUNTIF(J$4:J19,J19)*K19*100&"%" -> 副本评价奖励翻倍概率8%
I20: =数据计算表!AF17 -> 320 | J20: =数据计算表!AG17 -> 经验获取加成 | K20: =数据计算表!AH17 -> 0.02 | L20: =J20&COUNTIF(J$4:J20,J20)*K20*100&"%" -> 经验获取加成8%
A21: 保底原初之星 | B21: =数据计算表!AB4 -> 10 | I21: =数据计算表!AF18 -> 360 | J21: =数据计算表!AG18 -> 副本掉落装备升华率 | K21: =数据计算表!AH18 -> 0.03 | L21: =J21&COUNTIF(J$4:J21,J21)*K21*100&"%" -> 副本掉落装备升华率15%
I22: =数据计算表!AF19 -> 400 | J22: =数据计算表!AG19 -> 宝石获取率 | K22: =数据计算表!AH19 -> 0.05 | L22: =J22&COUNTIF(J$4:J22,J22)*K22*100&"%" -> 宝石获取率25%
A23: 赛季总养成分 | B23: =数据计算表!AA17 -> 11803 | I23: =数据计算表!AF20 -> 440 | J23: =数据计算表!AG20 -> 副本评价奖励翻倍概率 | K23: =数据计算表!AH20 -> 0.02 | L23: =J23&COUNTIF(J$4:J23,J23)*K23*100&"%" -> 副本评价奖励翻倍概率10%
A24: 原初之星 | B24: =数据计算表!Z19 -> 128 | I24: =数据计算表!AF21 -> 480 | J24: =数据计算表!AG21 -> 经验获取加成 | K24: =数据计算表!AH21 -> 0.02 | L24: =J24&COUNTIF(J$4:J24,J24)*K24*100&"%" -> 经验获取加成10%
A25: 还需分数 | B25: =数据计算表!AA19 -> 7197 | I25: =数据计算表!AF22 -> 530 | J25: =数据计算表!AG22 -> 副本掉落装备升华率 | K25: =数据计算表!AH22 -> 0.03 | L25: =J25&COUNTIF(J$4:J25,J25)*K25*100&"%" -> 副本掉落装备升华率18%
I26: =数据计算表!AF23 -> 580 | J26: =数据计算表!AG23 -> 宝石获取率 | K26: =数据计算表!AH23 -> 0.05 | L26: =J26&COUNTIF(J$4:J26,J26)*K26*100&"%" -> 宝石获取率30%
I27: =数据计算表!AF24 -> 630 | J27: =数据计算表!AG24 -> 副本评价奖励翻倍概率 | K27: =数据计算表!AH24 -> 0.02 | L27: =J27&COUNTIF(J$4:J27,J27)*K27*100&"%" -> 副本评价奖励翻倍概率12%
I28: =数据计算表!AF25 -> 680 | J28: =数据计算表!AG25 -> 经验获取加成 | K28: =数据计算表!AH25 -> 0.02 | L28: =J28&COUNTIF(J$4:J28,J28)*K28*100&"%" -> 经验获取加成12%
I29: =数据计算表!AF26 -> 740 | J29: =数据计算表!AG26 -> 副本掉落装备升华率 | K29: =数据计算表!AH26 -> 0.03 | L29: =J29&COUNTIF(J$4:J29,J29)*K29*100&"%" -> 副本掉落装备升华率21%
I30: =数据计算表!AF27 -> 800 | J30: =数据计算表!AG27 -> 宝石获取率 | K30: =数据计算表!AH27 -> 0.05 | L30: =J30&COUNTIF(J$4:J30,J30)*K30*100&"%" -> 宝石获取率35%
I31: =数据计算表!AF28 -> 860 | J31: =数据计算表!AG28 -> 副本评价奖励翻倍概率 | K31: =数据计算表!AH28 -> 0.02 | L31: =J31&COUNTIF(J$4:J31,J31)*K31*100&"%" -> 副本评价奖励翻倍概率14%
I32: =数据计算表!AF29 -> 920 | J32: =数据计算表!AG29 -> 经验获取加成 | K32: =数据计算表!AH29 -> 0.02 | L32: =J32&COUNTIF(J$4:J32,J32)*K32*100&"%" -> 经验获取加成14%
I33: =数据计算表!AF30 -> 990 | J33: =数据计算表!AG30 -> 副本掉落装备升华率 | K33: =数据计算表!AH30 -> 0.03 | L33: =J33&COUNTIF(J$4:J33,J33)*K33*100&"%" -> 副本掉落装备升华率24%
I34: =数据计算表!AF31 -> 1060 | J34: =数据计算表!AG31 -> 宝石获取率 | K34: =数据计算表!AH31 -> 0.05 | L34: =J34&COUNTIF(J$4:J34,J34)*K34*100&"%" -> 宝石获取率40%
I35: =数据计算表!AF32 -> 1130 | J35: =数据计算表!AG32 -> 副本评价奖励翻倍概率 | K35: =数据计算表!AH32 -> 0.02 | L35: =J35&COUNTIF(J$4:J35,J35)*K35*100&"%" -> 副本评价奖励翻倍概率16%
I36: =数据计算表!AF33 -> 1200 | J36: =数据计算表!AG33 -> 经验获取加成 | K36: =数据计算表!AH33 -> 0.02 | L36: =J36&COUNTIF(J$4:J36,J36)*K36*100&"%" -> 经验获取加成16%
I37: =数据计算表!AF34 -> 1280 | J37: =数据计算表!AG34 -> 副本掉落装备升华率 | K37: =数据计算表!AH34 -> 0.03 | L37: =J37&COUNTIF(J$4:J37,J37)*K37*100&"%" -> 副本掉落装备升华率27%
... I40: =数据计算表!AF37 -> 1520 | J40: =数据计算表!AG37 -> 经验获取加成 | K40: =数据计算表!AH37 -> 0.02 | L40: =J40&COUNTIF(J$4:J40,J40)*K40*100&"%" -> 经验获取加成18%

Sheet 龙国星象合约计算器
A1: 龙国养成 | G1: 累计原初 | H1: 原初之星档位 | I1: 副本掉落装备升华率 | J1: 宝石获取率 | K1: 副本评价奖励翻倍概率 | L1: 经验获取加成
A2: 角色等级 每级100分 | B2: 199.95 | C2: 注：等级精确到经验百分比 | G2: 220 | H2: 1130 | I2: =数据计算表!AM5 -> 0.24 | J2: =数据计算表!AN5 -> 0.4 | K2: =数据计算表!AO5 -> 0.16 | L2: =数据计算表!AP5 -> 0.14
A4: 装备强化等级 每级18分 | B4: 205 | C4: 202 | I4: 原初之星 | J4: 效果 | K4: 百分比 | L4: 累计效果
C5: 205 | I5: =数据计算表!AF2 -> 10 | J5: =数据计算表!AG2 -> 副本掉落装备升华率 | K5: =数据计算表!AH2 -> 0.03 | L5: =J5&COUNTIF(J$4:J5,J5)*K5*100&"%" -> 副本掉落装备升华率3%
B6: 200 | C6: 205 | I6: =数据计算表!AF3 -> 20 | J6: =数据计算表!AG3 -> 宝石获取率 | K6: =数据计算表!AH3 -> 0.05 | L6: =J6&COUNTIF(J$4:J6,J6)*K6*100&"%" -> 宝石获取率5%
I7: =数据计算表!AF4 -> 30 | J7: =数据计算表!AG4 -> 副本评价奖励翻倍概率 | K7: =数据计算表!AH4 -> 0.02 | L7: =J7&COUNTIF(J$4:J7,J7)*K7*100&"%" -> 副本评价奖励翻倍概率2%
A8: 技能强化等级 每级7分 | B8: 185 | C8: 190 | I8: =数据计算表!AF5 -> 40 | J8: =数据计算表!AG5 -> 经验获取加成 | K8: =数据计算表!AH5 -> 0.02 | L8: =J8&COUNTIF(J$4:J8,J8)*K8*100&"%" -> 经验获取加成2%
B9: 185 | C9: 184 | I9: =数据计算表!AF6 -> 56 | J9: =数据计算表!AG6 -> 副本掉落装备升华率 | K9: =数据计算表!AH6 -> 0.03 | L9: =J9&COUNTIF(J$4:J9,J9)*K9*100&"%" -> 副本掉落装备升华率6%
B10: 185 | C10: 184 | I10: =数据计算表!AF7 -> 72 | J10: =数据计算表!AG7 -> 宝石获取率 | K10: =数据计算表!AH7 -> 0.05 | L10: =J10&COUNTIF(J$4:J10,J10)*K10*100&"%" -> 宝石获取率10%
B11: 184 | C11: 184 | I11: =数据计算表!AF8 -> 88 | J11: =数据计算表!AG8 -> 副本评价奖励翻倍概率 | K11: =数据计算表!AH8 -> 0.02 | L11: =J11&COUNTIF(J$4:J11,J11)*K11*100&"%" -> 副本评价奖励翻倍概率4%
I12: =数据计算表!AF9 -> 104 | J12: =数据计算表!AG9 -> 经验获取加成 | K12: =数据计算表!AH9 -> 0.02 | L12: =J12&COUNTIF(J$4:J12,J12)*K12*100&"%" -> 经验获取加成4%
A13: 古遗物强化等级 每级33分 | B13: 21 | C13: 21 | D13: 21 | E13: 21 | I13: =数据计算表!AF10 -> 128 | J13: =数据计算表!AG10 -> 副本掉落装备升华率 | K13: =数据计算表!AH10 -> 0.03 | L13: =J13&COUNTIF(J$4:J13,J13)*K13*100&"%" -> 副本掉落装备升华率9%
B14: 21 | C14: 21 | D14: 21 | E14: 21 | I14: =数据计算表!AF11 -> 152 | J14: =数据计算表!AG11 -> 宝石获取率 | K14: =数据计算表!AH11 -> 0.05 | L14: =J14&COUNTIF(J$4:J14,J14)*K14*100&"%" -> 宝石获取率15%
B15: 21 | C15: 21 | D15: 21 | E15: 21 | I15: =数据计算表!AF12 -> 176 | J15: =数据计算表!AG12 -> 副本评价奖励翻倍概率 | K15: =数据计算表!AH12 -> 0.02 | L15: =J15&COUNTIF(J$4:J15,J15)*K15*100&"%" -> 副本评价奖励翻倍概率6%
B16: 21 | C16: 21 | D16: 21 | E16: 21 | I16: =数据计算表!AF13 -> 200 | J16: =数据计算表!AG13 -> 经验获取加成 | K16: =数据计算表!AH13 -> 0.02 | L16: =J16&COUNTIF(J$4:J16,J16)*K16*100&"%" -> 经验获取加成6%
B17: 21 | C17: 21 | D17: 21 | E17: 21 | I17: =数据计算表!AF14 -> 230 | J17: =数据计算表!AG14 -> 副本掉落装备升华率 | K17: =数据计算表!AH14 -> 0.03 | L17: =J17&COUNTIF(J$4:J17,J17)*K17*100&"%" -> 副本掉落装备升华率12%
I18: =数据计算表!AF15 -> 260 | J18: =数据计算表!AG15 -> 宝石获取率 | K18: =数据计算表!AH15 -> 0.05 | L18: =J18&COUNTIF(J$4:J18,J18)*K18*100&"%" -> 宝石获取率20%
A19: 幻兽等级 每级8分 | B19: 180 | C19: 171 | D19: 171 | E19: 171 | I19: =数据计算表!AF16 -> 290 | J19: =数据计算表!AG16 -> 副本评价奖励翻倍概率 | K19: =数据计算表!AH16 -> 0.02 | L19: =J19&COUNTIF(J$4:J19,J19)*K19*100&"%" -> 副本评价奖励翻倍概率8%
I20: =数据计算表!AF17 -> 320 | J20: =数据计算表!AG17 -> 经验获取加成 | K20: =数据计算表!AH17 -> 0.02 | L20: =J20&COUNTIF(J$4:J20,J20)*K20*100&"%" -> 经验获取加成8%
A21: 保底原初之星 | B21: =数据计算表!AB7 -> 45 | I21: =数据计算表!AF18 -> 360 | J21: =数据计算表!AG18 -> 副本掉落装备升华率 | K21: =数据计算表!AH18 -> 0.03 | L21: =J21&COUNTIF(J$4:J21,J21)*K21*100&"%" -> 副本掉落装备升华率15%
I22: =数据计算表!AF19 -> 400 | J22: =数据计算表!AG19 -> 宝石获取率 | K22: =数据计算表!AH19 -> 0.05 | L22: =J22&COUNTIF(J$4:J22,J22)*K22*100&"%" -> 宝石获取率25%
A23: 赛季总养成分 | B23: =数据计算表!AA23 -> 23352 | I23: =数据计算表!AF20 -> 440 | J23: =数据计算表!AG20 -> 副本评价奖励翻倍概率 | K23: =数据计算表!AH20 -> 0.02 | L23: =J23&COUNTIF(J$4:J23,J23)*K23*100&"%" -> 副本评价奖励翻倍概率10%
A24: 原初之星 | B24: =数据计算表!Z25 -> 909 | I24: =数据计算表!AF21 -> 480 | J24: =数据计算表!AG21 -> 经验获取加成 | K24: =数据计算表!AH21 -> 0.02 | L24: =J24&COUNTIF(J$4:J24,J24)*K24*100&"%" -> 经验获取加成10%
A25: 还需分数 | B25: =数据计算表!AA25 -> 3 | I25: =数据计算表!AF22 -> 530 | J25: =数据计算表!AG22 -> 副本掉落装备升华率 | K25: =数据计算表!AH22 -> 0.03 | L25: =J25&COUNTIF(J$4:J25,J25)*K25*100&"%" -> 副本掉落装备升华率18%
I26: =数据计算表!AF23 -> 580 | J26: =数据计算表!AG23 -> 宝石获取率 | K26: =数据计算表!AH23 -> 0.05 | L26: =J26&COUNTIF(J$4:J26,J26)*K26*100&"%" -> 宝石获取率30%
I27: =数据计算表!AF24 -> 630 | J27: =数据计算表!AG24 -> 副本评价奖励翻倍概率 | K27: =数据计算表!AH24 -> 0.02 | L27: =J27&COUNTIF(J$4:J27,J27)*K27*100&"%" -> 副本评价奖励翻倍概率12%
I28: =数据计算表!AF25 -> 680 | J28: =数据计算表!AG25 -> 经验获取加成 | K28: =数据计算表!AH25 -> 0.02 | L28: =J28&COUNTIF(J$4:J28,J28)*K28*100&"%" -> 经验获取加成12%
I29: =数据计算表!AF26 -> 740 | J29: =数据计算表!AG26 -> 副本掉落装备升华率 | K29: =数据计算表!AH26 -> 0.03 | L29: =J29&COUNTIF(J$4:J29,J29)*K29*100&"%" -> 副本掉落装备升华率21%
I30: =数据计算表!AF27 -> 800 | J30: =数据计算表!AG27 -> 宝石获取率 | K30: =数据计算表!AH27 -> 0.05 | L30: =J30&COUNTIF(J$4:J30,J30)*K30*100&"%" -> 宝石获取率35%
I31: =数据计算表!AF28 -> 860 | J31: =数据计算表!AG28 -> 副本评价奖励翻倍概率 | K31: =数据计算表!AH28 -> 0.02 | L31: =J31&COUNTIF(J$4:J31,J31)*K31*100&"%" -> 副本评价奖励翻倍概率14%
I32: =数据计算表!AF29 -> 920 | J32: =数据计算表!AG29 -> 经验获取加成 | K32: =数据计算表!AH29 -> 0.02 | L32: =J32&COUNTIF(J$4:J32,J32)*K32*100&"%" -> 经验获取加成14%
I33: =数据计算表!AF30 -> 990 | J33: =数据计算表!AG30 -> 副本掉落装备升华率 | K33: =数据计算表!AH30 -> 0.03 | L33: =J33&COUNTIF(J$4:J33,J33)*K33*100&"%" -> 副本掉落装备升华率24%
I34: =数据计算表!AF31 -> 1060 | J34: =数据计算表!AG31 -> 宝石获取率 | K34: =数据计算表!AH31 -> 0.05 | L34: =J34&COUNTIF(J$4:J34,J34)*K34*100&"%" -> 宝石获取率40%
I35: =数据计算表!AF32 -> 1130 | J35: =数据计算表!AG32 -> 副本评价奖励翻倍概率 | K35: =数据计算表!AH32 -> 0.02 | L35: =J35&COUNTIF(J$4:J35,J35)*K35*100&"%" -> 副本评价奖励翻倍概率16%
I36: =数据计算表!AF33 -> 1200 | J36: =数据计算表!AG33 -> 经验获取加成 | K36: =数据计算表!AH33 -> 0.02 | L36: =J36&COUNTIF(J$4:J36,J36)*K36*100&"%" -> 经验获取加成16%
I37: =数据计算表!AF34 -> 1280 | J37: =数据计算表!AG34 -> 副本掉落装备升华率 | K37: =数据计算表!AH34 -> 0.03 | L37: =J37&COUNTIF(J$4:J37,J37)*K37*100&"%" -> 副本掉落装备升华率27%
... I51: =数据计算表!AF48 -> 2750 | J51: =数据计算表!AG48 -> 副本评价奖励翻倍概率 | K51: =数据计算表!AH48 -> 0.02 | L51: =J51&COUNTIF(J$4:J51,J51)*K51*100&"%" -> 副本评价奖励翻倍概率24%

Sheet 羽国星象合约计算器
A1: 羽国养成 | G1: 累计原初 | H1: 原初之星档位 | I1: 副本掉落装备升华率 | J1: 宝石获取率 | K1: 副本评价奖励翻倍概率 | L1: 经验获取加成
A2: 角色等级 每级100分 | B2: 270 | C2: 注：等级精确到经验百分比 | G2: 1138 | H2: 3440 | I2: =数据计算表!AM8 -> 0.39 | J2: =数据计算表!AN8 -> 0.65 | K2: =数据计算表!AO8 -> 0.26 | L2: =数据计算表!AP8 -> 0.26
A4: 装备强化等级 每级14分 | B4: 280 | C4: 280 | I4: 原初之星 | J4: 效果 | K4: 百分比 | L4: 累计效果
C5: 280 | I5: =数据计算表!AF2 -> 10 | J5: =数据计算表!AG2 -> 副本掉落装备升华率 | K5: =数据计算表!AH2 -> 0.03 | L5: =J5&COUNTIF(J$4:J5,J5)*K5*100&"%" -> 副本掉落装备升华率3%
B6: 280 | C6: 280 | I6: =数据计算表!AF3 -> 20 | J6: =数据计算表!AG3 -> 宝石获取率 | K6: =数据计算表!AH3 -> 0.05 | L6: =J6&COUNTIF(J$4:J6,J6)*K6*100&"%" -> 宝石获取率5%
I7: =数据计算表!AF4 -> 30 | J7: =数据计算表!AG4 -> 副本评价奖励翻倍概率 | K7: =数据计算表!AH4 -> 0.02 | L7: =J7&COUNTIF(J$4:J7,J7)*K7*100&"%" -> 副本评价奖励翻倍概率2%
A8: 技能强化等级 每级5分 | B8: 231 | C8: 240 | I8: =数据计算表!AF5 -> 40 | J8: =数据计算表!AG5 -> 经验获取加成 | K8: =数据计算表!AH5 -> 0.02 | L8: =J8&COUNTIF(J$4:J8,J8)*K8*100&"%" -> 经验获取加成2%
B9: 231 | C9: 230 | I9: =数据计算表!AF6 -> 56 | J9: =数据计算表!AG6 -> 副本掉落装备升华率 | K9: =数据计算表!AH6 -> 0.03 | L9: =J9&COUNTIF(J$4:J9,J9)*K9*100&"%" -> 副本掉落装备升华率6%
B10: 231 | C10: 230 | I10: =数据计算表!AF7 -> 72 | J10: =数据计算表!AG7 -> 宝石获取率 | K10: =数据计算表!AH7 -> 0.05 | L10: =J10&COUNTIF(J$4:J10,J10)*K10*100&"%" -> 宝石获取率10%
B11: 230 | C11: 230 | I11: =数据计算表!AF8 -> 88 | J11: =数据计算表!AG8 -> 副本评价奖励翻倍概率 | K11: =数据计算表!AH8 -> 0.02 | L11: =J11&COUNTIF(J$4:J11,J11)*K11*100&"%" -> 副本评价奖励翻倍概率4%
I12: =数据计算表!AF9 -> 104 | J12: =数据计算表!AG9 -> 经验获取加成 | K12: =数据计算表!AH9 -> 0.02 | L12: =J12&COUNTIF(J$4:J12,J12)*K12*100&"%" -> 经验获取加成4%
A13: 古遗物强化等级 每级26分 | B13: 27 | C13: 27 | D13: 27 | E13: 27 | I13: =数据计算表!AF10 -> 128 | J13: =数据计算表!AG10 -> 副本掉落装备升华率 | K13: =数据计算表!AH10 -> 0.03 | L13: =J13&COUNTIF(J$4:J13,J13)*K13*100&"%" -> 副本掉落装备升华率9%
B14: 27 | C14: 27 | D14: 27 | E14: 27 | I14: =数据计算表!AF11 -> 152 | J14: =数据计算表!AG11 -> 宝石获取率 | K14: =数据计算表!AH11 -> 0.05 | L14: =J14&COUNTIF(J$4:J14,J14)*K14*100&"%" -> 宝石获取率15%
B15: 27 | C15: 27 | D15: 27 | E15: 27 | I15: =数据计算表!AF12 -> 176 | J15: =数据计算表!AG12 -> 副本评价奖励翻倍概率 | K15: =数据计算表!AH12 -> 0.02 | L15: =J15&COUNTIF(J$4:J15,J15)*K15*100&"%" -> 副本评价奖励翻倍概率6%
B16: 27 | C16: 27 | D16: 27 | E16: 27 | I16: =数据计算表!AF13 -> 200 | J16: =数据计算表!AG13 -> 经验获取加成 | K16: =数据计算表!AH13 -> 0.02 | L16: =J16&COUNTIF(J$4:J16,J16)*K16*100&"%" -> 经验获取加成6%
B17: 27 | C17: 27 | D17: 27 | E17: 27 | I17: =数据计算表!AF14 -> 230 | J17: =数据计算表!AG14 -> 副本掉落装备升华率 | K17: =数据计算表!AH14 -> 0.03 | L17: =J17&COUNTIF(J$4:J17,J17)*K17*100&"%" -> 副本掉落装备升华率12%
I18: =数据计算表!AF15 -> 260 | J18: =数据计算表!AG15 -> 宝石获取率 | K18: =数据计算表!AH15 -> 0.05 | L18: =J18&COUNTIF(J$4:J18,J18)*K18*100&"%" -> 宝石获取率20%
A19: 幻兽等级 每级6分 | B19: 220 | C19: 211 | D19: 211 | E19: 211 | I19: =数据计算表!AF16 -> 290 | J19: =数据计算表!AG16 -> 副本评价奖励翻倍概率 | K19: =数据计算表!AH16 -> 0.02 | L19: =J19&COUNTIF(J$4:J19,J19)*K19*100&"%" -> 副本评价奖励翻倍概率8%
I20: =数据计算表!AF17 -> 320 | J20: =数据计算表!AG17 -> 经验获取加成 | K20: =数据计算表!AH17 -> 0.02 | L20: =J20&COUNTIF(J$4:J20,J20)*K20*100&"%" -> 经验获取加成8%
A21: 保底原初之星 | B21: =数据计算表!AB10 -> 65 | I21: =数据计算表!AF18 -> 360 | J21: =数据计算表!AG18 -> 副本掉落装备升华率 | K21: =数据计算表!AH18 -> 0.03 | L21: =J21&COUNTIF(J$4:J21,J21)*K21*100&"%" -> 副本掉落装备升华率15%
I22: =数据计算表!AF19 -> 400 | J22: =数据计算表!AG19 -> 宝石获取率 | K22: =数据计算表!AH19 -> 0.05 | L22: =J22&COUNTIF(J$4:J22,J22)*K22*100&"%" -> 宝石获取率25%
A23: 赛季总养成分 | B23: =数据计算表!AA29 -> 29263 | I23: =数据计算表!AF20 -> 440 | J23: =数据计算表!AG20 -> 副本评价奖励翻倍概率 | K23: =数据计算表!AH20 -> 0.02 | L23: =J23&COUNTIF(J$4:J23,J23)*K23*100&"%" -> 副本评价奖励翻倍概率10%
A24: 总原初之星 | B24: =数据计算表!Z31+G2 -> 3454 | I24: =数据计算表!AF21 -> 480 | J24: =数据计算表!AG21 -> 经验获取加成 | K24: =数据计算表!AH21 -> 0.02 | L24: =J24&COUNTIF(J$4:J24,J24)*K24*100&"%" -> 经验获取加成10%
A25: 还需分数 | B25: =数据计算表!AA31 -> -182 | I25: =数据计算表!AF22 -> 530 | J25: =数据计算表!AG22 -> 副本掉落装备升华率 | K25: =数据计算表!AH22 -> 0.03 | L25: =J25&COUNTIF(J$4:J25,J25)*K25*100&"%" -> 副本掉落装备升华率18%
